"HolderAddress","Balance","PendingBalanceUpdate"
"0x7776df3141eeb57bc414720cd1e37ebba506d3f6","0.00000062018898825","No"
"0x36187702a1d9b84a90eee08f6f2240d7f1316c41","0.000000226980934188","No"
"0xd207546c41f1b2b2cb3857f1de735ecff0bb5fcf","0.000000201111571115","No"
"0xcb95ac51f814b56237d7a3e5a6f4cfafa04e012a","0.0000001798816004","No"
"0x9910c718c0602a84266dabdfbe9a9e90dda9aa5a","0.000000148988175064","No"
"0x88191ee08d7bb6b736792427d2643c8dd1996cf4","0.000000147115910852","No"
"0x0695396ac1bc01a6a940b4b13459ce9210ad9ed7","0.000000146562539017","No"
"0x4f48bc48e6d5cab5b9a1347b7c3112350d6ee7eb","0.000000100700301893","No"
"0xc5d4cd3fec6ee1c59a43549bd3fbc8cbc69c0397","0.000000092864421892","No"
"0x6ba6286c1f0f8152bf5bdb3c884baacf3cd07c97","0.000000072174132342","No"
"0x83841343a7a847512d315af1e903887d2539434f","0.000000071060427335","No"
"0x4ed936a8e6c659c752e65a0b58b246aede176fc7","0.000000060000018669","No"
"0x049f7d9c5ed6a2dc5cd60f2e7afcd947e2c67f4e","0.000000049999013277","No"
"0x1980fbe2a41ade37c7e49cc40b3277bd5e9a5ce6","0.000000040575630866","No"
"0xc4ce299a93ef4bb0eb509d3d9f67f88461c679b8","0.000000033563104149","No"
"0xc7f30a82a869bf64688be24e49462c7daa89ba58","0.000000033361948642","No"
"0x1575a5aaaa60addf18631e8a5d1d4ef3d6c8e1c9","0.000000030687535883","No"
"0x97cdd8176084b24ae8a385d4ea9177c31ba0022b","0.00000002934062949","No"
"0x5c2401009bf2988f6367eae4131659870cf96dfe","0.000000026420258708","No"
"0x8f7e6ca3650ca1d14f41c4746c91bc46d97ecff7","0.000000026179722401","No"
"0x066d56dbdf9620db01f214da5bfe9eb45cf960a3","0.00000002574113985","No"
"0x4238b7203b36e2e9f9255c1e20fddf7729c31f79","0.000000022451185675","No"
"0x22acae0bb0f68d09407b6ac2d6bdb27c429e3873","0.000000022406905049","No"
"0x21469900f41baec51e57d6b84c8e0115856d054c","0.000000021374564391","No"
"0xe2e60a1bf02c7a2a0ba45791cf30b99f2a6afaa0","0.000000020532630074","No"
"0xf1f1faaeeb95254832c44ffcf5de91200e74fb6d","0.000000019158434444","No"
"0x6638dab66944e297c1880815a582787680ad6f80","0.0000000178834174","No"
"0x66adb537b3b82da91f08ef7be45d254246038d15","0.000000017351999794","No"
"0xfa6fb5e1da1f7158e4950f6475b1e88ea538a859","0.000000016684859638","No"
"0xec76d5162bf832f12831ab118f5dbb58419d76c9","0.000000015474001446","No"
"0x7e7a05ede9d89cbe66401c93902153ebb06591d6","0.000000013617210439","No"
"0xbdaee0edcc7d3f159325c29f7ca2cd3e50967c93","0.000000013500160837","No"
"0x9692691f186e019d9fbd4614cb29ee601bb2f9e1","0.000000013449693133","No"
"0x59384fb4310cf2730034c1de5572e32bb8849040","0.000000012420201387","No"
"0x23515c621085b10724a2f985ed11b96707aff290","0.000000011876607864","No"
"0x1dcdc58b6ee3a9751cd19eeef4c2637cb86f55e1","0.000000011606268478","No"
"0xda178e463a009be83273f373a7a52b64af35e321","0.000000011172166888","No"
"0xdd4154eaf2202dc2f3e2594e3533720d50955f2e","0.000000008838651694","No"
"0xd4606860a2ecbf08f4090f90886afc2d7e591399","0.000000008121812012","No"
"0x4ef9a651f8656def8454178406eeae16fb7ca458","0.000000007596406251","No"
"0x2a5c7ed39b712a17054a732d236fd4700f4f4461","0.000000007217610975","No"
"0xa79d0a9299d00d019e5a8650ccb704d8ccab101d","0.000000006716365346","No"
"0xec8abfd5cce0198914d76c733b5a0763a88da24f","0.000000006472270605","No"
"0x398073f72cd86ef626409fbd02f8cb31b4f8c636","0.000000006116021592","No"
"0xbb6847be8b599c9006c3ff875655dcb51bc1010b","0.000000005900038377","No"
"0x60a67281b227550f60981167a78cad1822b16b34","0.000000005867504251","No"
"0x2fc4b35ce1be664b16ace8034ddd73d1b0ee6319","0.000000005807141219","No"
"0xc152cd87af2b3774e93ed2ad2523c90c576db5fa","0.000000005770382565","No"
"0x76f02ed07eb60e707e54ea07e1648c616a5e79a9","0.000000005358767384","No"
"0x7a3b5f685b65e36fa64975fe039090bd50ff1027","0.000000005341667376","No"
"0x2bcb9572d28ba09b9e565a30dee09bf5080e0ad5","0.000000005000097338","No"
"0x59a0e25d531afa328a35063d3a07e27cc3477102","0.00000000483020612","No"
"0x55077adef2058cb857c427153b9b6e43dd911ce5","0.000000004750257859","No"
"0xe81dffe19a1af821f11770065b9a67e3fad5951d","0.000000004029141618","No"
"0x16b6c13e2f84c0ec7b0382a8584f2b0a7e64b0f2","0.000000003499778482","No"
"0x36358a1597db299033b16fda567010d53c0a4eda","0.000000003362577183","No"
"0x7799740380cca25809a8778c587d9e3cbc88ac0c","0.000000003253585577","No"
"0x6dab75ab6d1c58f170c01b55f38b4034ef876786","0.000000003232875478","No"
"0xcabd9eb75a0feb1d60e9edfb2073430599f8597f","0.000000003100651665","No"
"0x10baf24738aee84099a434a5967809d6eb2202da","0.000000003084171079","No"
"0x1247f0cb8f7b0e2edfa9750df07417d17b5127d6","0.000000003053966724","No"
"0x0fafccb52edcb326441d38e0dd071addcef9001c","0.000000003002790524","No"
"0x515c4569cfcbb0e4d810cfea68407fa7cb4acff2","0.000000003002385684","No"
"0x87a09bef77c381adc4f69d12a593a3a2604b13d1","0.000000002922758697","No"
"0x67d3b97634bf1a7a8e925cbb45a538af236c994e","0.000000002910997574","No"
"0x52fbfc5741d70ffa9bc6fbc8a06aa3c570e4657c","0.000000002881124629","No"
"0xd4c3021a315f5dc26f7e022e8a834a90cc6b0d41","0.000000002857976871","No"
"0x3cd85ce7449bf72a53c739c25ed83ba8f2e2c518","0.000000002624638393","No"
"0x183a40522cb917243f0e9f12397b4263f8473159","0.00000000248411402","No"
"0xf3a65b41b032e63bedebe8c34bbbad0949a61e72","0.000000002350650753","No"
"0xaf1bff74708098db603e48aaebec1bbae03dcf11","0.000000002179881946","No"
"0xaba46af4a1587771bf6997864cae5d67910ea545","0.000000002149351891","No"
"0x32436911a444c4c66b1799e8687f84c32ab71ae2","0.000000002055757668","No"
"0xf24c8cc504c982a8de32bf3b0fef7cad5c713ce7","0.000000002000971461","No"
"0x0abeaaa9003b19b459534176b27dd898715619e9","0.000000002000000113","No"
"0xe3411d7ba6e99d4228e304ed1bbb4dff14813070","0.000000001999989965","No"
"0x8b31593cb4bea44264625924e76a2a7ae7c02108","0.000000001998645063","No"
"0x720cd7f7dc5c247662e9bed6ab8ac46616342304","0.000000001919096917","No"
"0xad1545c2969003052f8b9a5817d3240538048214","0.000000001857004011","No"
"0x132754c163ff27138d0f2a12ba8678f58f4a3326","0.000000001769241024","No"
"0xe6fbf3267fbafc2e9e05c55fd932e34181bd1dce","0.000000001621386552","No"
"0x9ca6b9902122e0c55e293988f7a1babcaa35be67","0.000000001499176572","No"
"0x3213e7a85d2b5b4e4f120fd96324b6e64a3804c8","0.000000001496189077","No"
"0x419ee0a7cf4879bd20e31cb431ccd151922f3c12","0.000000001452476134","No"
"0x691f0042fa03cacad7114b42e1e19998c95945e2","0.000000001440240917","No"
"0x9ec2e733195adae476913f0b67bb82ba8c2bbdff","0.000000001341631119","No"
"0xf6d36d7aeece2b580f963d62b3600fb128117f78","0.000000001326151057","No"
"0x5f0f3876065ba0caf2681b727a52cddd1ca6e1ee","0.000000001261384813","No"
"0xb409f9937bc0fc673f6e0cba6a73ae7913b9db52","0.000000001231019603","No"
"0x96668cf0cb358ecfa05873285696e0c23577e50a","0.000000001214052791","No"
"0x2808edd543813fcf418de85bb42eedf3b39ba72c","0.000000001180616921","No"
"0xc4f91e9d571d1366551e01056a1c8a2b8b01f8ec","0.000000001178798847","No"
"0xbf44b0ccccf157c9f6b6b2171f981f54acc2bf5a","0.000000001175960803","No"
"0xeb066e53731d70ed4bfe89d7862e092d4fbef0ba","0.000000001139668064","No"
"0x9531c059098e3d194ff87febb587ab07b30b1306","0.00000000101654675","No"
"0xbd126ce92c31c4fbe63e5b1d6be468843fbb27ed","0.000000001000000011","No"
"0x6a902f03fead7b09a9a3a46b566eadac4752b8d3","0.00000000097440589","No"
"0xe3c31e24ca8ca480e2bd67aa9d0e773924e11704","0.000000000900000054","No"
"0xa6cf9bf8ecaff5300e38c0169ff45bd9a5e15116","0.000000000868338816","No"
"0xf4da35150e4114dbe173d53cfc5d6d3ce540ab6d","0.000000000796725796","No"
"0xa3653544812105b666a11b2d98c64cabf8cbaeec","0.000000000765548493","No"
"0x3d4f0870ab9ac101567def359999b6ea0b028356","0.000000000760000062","No"
"0x4467dac2a4365ba1cab33a488312ba4f5d7711e2","0.000000000757183099","No"
"0x86c467338c8ea7b8c1949b51cd277934947b4880","0.000000000726833364","No"
"0xd1c37b860157cbd072f8d486b3d365198c6ea3ca","0.000000000682451742","No"
"0xf16a809ac6ae471ffe3c93b388072d27d583b06a","0.000000000619226503","No"
"0x50c7f58b02d594f97f72821766654f603ccb8e52","0.000000000597597422","No"
"0x4c7698b10626aa1582abcc9a191d5c0c9decf24f","0.000000000594475263","No"
"0xa93d4288758be21d22d24924aafd3e3922277b9c","0.000000000593115082","No"
"0x97e51dbcd71a7389a358bebf801a154d0e21ba9b","0.000000000585502064","No"
"0x0dc678aadbce30b77b05aaa8eec7fe52d0e5b0e4","0.000000000584898802","No"
"0x10a08e2b14a38bbdcd6cc0a766f3367b873a2df2","0.000000000584680429","No"
"0xdb303931522e851504a23349372423575c0b74a6","0.00000000058426273","No"
"0x50a354f9edaa453d59ffe1f88096b3b8225e7afe","0.000000000578276215","No"
"0x3b9f15e443b9b2b55df08c4e880e72df0b512e40","0.000000000575451455","No"
"0xfc5fe644418ae797e9fdb8f32101c2cbaa73bf73","0.000000000500001493","No"
"0xb2937b3efbe9800623ea0367818a68e3e05ea3dc","0.000000000463336116","No"
"0x8378f0ecb8f8ec52fec6b0c308b24de3f767d9c6","0.00000000035209053","No"
"0x9000285ac15c3f5ec120e3d1d03a4b3928cef70c","0.000000000351310649","No"
"0x790b46e6dfe304a95c7c3836ab761b29513ccc59","0.000000000350000615","No"
"0x9c972d06eceee9dc08e2d295742d2045f8e54fa2","0.000000000349651611","No"
"0x67a753ba87a78ab82d7487b6564c537d14332b7c","0.000000000331926463","No"
"0xc89254dc2cb33df35b5fa61d3bc70c714d922159","0.000000000293181611","No"
"0x074a47b4a107beaef9d8fb5cbb66d7a829383168","0.000000000282208269","No"
"0x86d91d53e6bda4aeeb04f932470367f9c52504a2","0.000000000267467625","No"
"0x107b9fb18a179a5b311c3be00ea088488d9b2ed0","0.000000000266945735","No"
"0x48580ebf1479918537d3d48dc6de0957488edd24","0.000000000255871436","No"
"0x476b7f205c08c438dcdd27e43a671d4b741415d7","0.000000000251387444","No"
"0x631b9ae9a626fae8320c8a7350eed6bb12215239","0.000000000251261676","No"
"0xd60f271a7669804f10001daf191b1f6dc733a0ca","0.000000000238322337","No"
"0xacdde3e6ead63516723d08852992c79f9254be2c","0.000000000228319667","No"
"0x0e82a044ecd87ca24af3ca59f4b88afde775a5c2","0.000000000222524618","No"
"0x5a65bdaafb4f45fbe68d3f05d6febbfb2e0857bc","0.000000000208594155","No"
"0xd5c08f1dba83bb5752909489ea028f9504076cbc","0.000000000196604537","No"
"0xb35fefb36052a74f263b625744b2f775c5496ee1","0.000000000186878644","No"
"0x1d5c284f4bb507b53963f1153d56256f78e89210","0.000000000173298605","No"
"0xa7823b235af28891d533ff39d5575f17e92fb065","0.000000000154340386","No"
"0xe70e1a13e5011033d5e981af8763631cedce4946","0.000000000147195772","No"
"0xf02a6eb1e3dd19dd4a2e0823af00a1a16c9db735","0.000000000141924895","No"
"0xb1c55c6c072b7d4f6124dcad86abb0859427785e","0.000000000129221609","No"
"0xc4b34ecde09ba77f56061cabf25c9dc20020c1d1","0.000000000107173219","No"
"0xde6d22b7b9ff1b05ad580e073bfc6fcc00ceb561","0.00000000010000242","No"
"0x726b87473d37b460f5112a3fd6722e28e3c0c712","0.000000000099950906","No"
"0xed34900514cc80396db8fe98c976ad79ecf17e8c","0.000000000091855904","No"
"0x17061b08892224811aeefa2152118eaa337614ac","0.000000000089783064","No"
"0xf97de5b6f4de6d08fc43f980a14955d8eede725a","0.000000000089674046","No"
"0x3a94390ea76bef80bdf4c02cc002d0a9c60e29d3","0.000000000088842455","No"
"0x282ef65dba7af170c17860ab104aaaebc0299033","0.00000000007096489","No"
"0x6af21759beaddac9d1ba523440a5e562ed6e6aa1","0.000000000066663782","No"
"0x1824befc17aedbc57991c9d7c7fee1bf18ccce63","0.000000000065193998","No"
"0xb3a00c3ca08a1bd29341519a4f1eaedbba82ca39","0.000000000063518259","No"
"0x9393f515f5f229beaae1b7a9ea6ff955f8e51490","0.000000000062566458","No"
"0x83dba32e3f3b04d9f7e2bf4132571804227c5276","0.000000000062248096","No"
"0xa452e8e1d005ec71dd3fe99d37692a318e44207d","0.00000000006013323","No"
"0xd3a0488846521a7ccae6cc0f059b0916f11115c6","0.000000000059201159","No"
"0xd033a60cac3b574e90a7a2f665c8018e88e54319","0.000000000058775923","No"
"0xceb7133758c3617ef7ce00e5c634986dab2d7e78","0.000000000058025028","No"
"0xe5950725d993db6849f180f904eefd361208f983","0.000000000057912391","No"
"0xbd7956f3a8166db76c93d06226e9e0d4a74dcd23","0.000000000057477621","No"
"0x01e2ba6696dac0dddc0d181aef4169df5b9fee59","0.000000000054255379","No"
"0x287567dbdf30421c7e9e1583ac9adc76310a2a0a","0.000000000053729722","No"
"0x128f896fda3de18877036348edf4c111d1618bd6","0.000000000050414874","No"
"0x0d2b035fe84afa77cb06b9a622d6ac755d5ea180","0.000000000041796017","No"
"0xbe2f89928feae8070a9d62b2837615e49ec53ee8","0.000000000040469888","No"
"0xa1b99875425d038bff22571a29d5e791c8a9716a","0.000000000039432922","No"
"0x75a141bfa4a83d4608986727ef18dbfbf8c0d45a","0.000000000036790033","No"
"0xb1c8d206b88b9127ef76230e73efe9795d7a6f52","0.000000000035025147","No"
"0x95ca5e1a9559417dc20925af98ee21ce7a248f60","0.00000000003377312","No"
"0xe9d790a507d0c1821bf20c419b6b67be07d67891","0.000000000032854385","No"
"0xd41705a53272ac68af2fb5e2be3469a3464500cc","0.000000000031956271","No"
"0x6005cb30a7f3edd1f71459c0bd2713b284db1f2a","0.000000000031444852","No"
"0xe800f16ff5828f46be4e08a210e0001d0a24a13f","0.000000000030977103","No"
"0x909084e85753f66d87db8ab26b2e4b4324565103","0.000000000030195099","No"
"0x3b76851cbeaf4da062637bc749aec276d03b9f91","0.000000000030192864","No"
"0x66cb112e729b2a6d31d96f09439670406532665e","0.000000000029643831","No"
"0x1019b3be0d02fc9e28e2922f0b0b52ca0b5c16ed","0.0000000000289486","No"
"0x89a7e45db4759bb14e689e4c0fc4f648dbf2b0dc","0.000000000027538075","No"
"0xbfca82bea8046aa6b26c2c9ac1a71927aaa1c80a","0.000000000026871383","No"
"0xc39907342fec4dbc15f9c5859efa0eab9ce2d79a","0.000000000025185619","No"
"0xc8a70ac42ad45a98783d38188208fb396aca4f22","0.000000000024907726","No"
"0x2fd6f9a75f09369019e82bc8301fd2a789dc9723","0.00000000002390354","No"
"0x0b44e71e2836e4ce322407cb42009b41b09c86cf","0.000000000019083727","No"
"0x643cb36e78308614a1cbd3be121b9be08390789a","0.000000000012850772","No"
"0x7ac6df8264dc34aae8c7f7f856b931b6310ad2cb","0.000000000011760882","No"
"0xf685c5da3ecd6ca557795b087b3937a8e241105e","0.000000000008533273","No"
"0x21d28914f698c6ad1e0fc79c4f8359d589a9d8c5","0.000000000008170894","No"
"0xe5bc29b67dd31c16bfef5edca9346841d79f11b4","0.000000000007803675","No"
"0xe2eac76e36639dd165ee81fcf49bd25c429d92e6","0.000000000006922514","No"
"0x9ee07a5e67f80be1f1224c9c342cb0042ec7e398","0.000000000006916961","No"
"0x617e6e52927580b65fa6a9c366a3a76ff439f393","0.000000000006890889","No"
"0x8ede5fa00c49b0176d6048094c227d5ccfa1ec1f","0.000000000006890236","No"
"0xb182dec6ffd19d7bd7c016a5361297263afecacc","0.000000000006890101","No"
"0xfa713713b1acd89a00e6b35512161630d5ea90de","0.000000000006490666","No"
"0x4f0e7b175b879f79b348262ca53e43a31ecc7c04","0.000000000006470858","No"
"0xcf5ebe07b64bb6b7ff66ba390b0a2c6eb2dedacf","0.000000000006433725","No"
"0xc483418b8d3fd47c31ee66c7181d6d45770e8baf","0.000000000006414753","No"
"0x00d0ab7f0a4758874ca9ed99c8f612e03a84afb6","0.000000000006382298","No"
"0x18e4edba4848753d62a22242e3e4e4b911e3f8a8","0.000000000006335628","No"
"0x9d837774efb22c42d975fd86a8642ce97462f848","0.000000000006300108","No"
"0x80269e02c724407e6e0be28dd8a9304c72b5715a","0.00000000000627914","No"
"0x973d01930107a0669e337509bed55ffee84622ea","0.000000000006109384","No"
"0x0cd75718a873c3261ee5254a3e389caf23006f99","0.000000000006103495","No"
"0x16acead29ab892930c2743ca7240b1dd406af2c9","0.000000000006071127","No"
"0x4e1f05201e80f0a22c788d0a3b9d1fd553f88ad5","0.000000000005969771","No"
"0xeded9bddc264bfb1737e78bc5266b44a91861e6f","0.000000000005928854","No"
"0xc5bac04ae0c34ec3470284e6176833a54f0d4a38","0.000000000005861392","No"
"0xf5bf7e4b18d6d4dfb92bc954fb3485b22eb36aa0","0.000000000005535385","No"
"0x156362ed8dad31f9226350fa747f6eea9fdd0cd8","0.000000000005414144","No"
"0x86759af217e143a492a60fcdd6134d1241f5b57a","0.000000000005241853","No"
"0xb9973f2a0dee11f603994c9ccbfd3027bca175eb","0.000000000004625019","No"
"0x21f55277ad0090a93472125ceb9f2495c6cac5e1","0.000000000003243469","No"
"0x0695241967991dc72bfa38bcfbda0a4d2cf00799","0.000000000003216641","No"
"0x894c933c4113fa86a84262f12610d4e8266e9194","0.000000000003203723","No"
"0xe5f72840d5704e162b40a6ae16816dfe71c6056c","0.000000000003149993","No"
"0x99557c5f79bb71abf755d607162d27762b6d9be6","0.000000000003120638","No"
"0x5d80a1c0a5084163f1d2620c1b1f43209cd4db12","0.000000000003077203","No"
"0xd248ff403b722e2c6b62ce1e0683d037c3262cc2","0.000000000003069417","No"
"0x5799a1ed95821cbf88bcac35bdfcb46aaccce7b3","0.000000000003014759","No"
"0xdd1643978660870c354c33e6ac5adbb9eb7005d4","0.000000000002340432","No"
"0x613d7a8f4fbbefb1bc60107e650589a737ee914b","0.000000000001653336","No"
"0xcde334a73d39fdd54f0798b7e4a08fdcaa7318d7","0.000000000001597642","No"
"0x3b0dee17c4dba4cf9eaee5308125c89fd061ca00","0.000000000001585991","No"
"0xc82c6f0f4dd9328e3c0348f6b9a7c08c86cd38a3","0.000000000001554571","No"
"0xbf79aad6f5f6c287b3b17d1d5b44475b3360dd11","0.000000000001425066","No"
"0xccb1e7a7e4b56cfcd08125ffd8458fabf1509b59","0.000000000001294495","No"
"0x3f973ba2936c3484d04b1e5f8367d6b8079e4752","0.000000000001276385","No"
"0x3e292604ca4339132d6a46d565f5be7c2301a305","0.000000000001167611","No"
"0x28d5fa40b3ca8b6c1d5934fcec6c58361f749b54","0.000000000001151228","No"
"0xc6ba6bb819f1be84efeb2e3f2697ad9818151e5d","0.000000000001148805","No"
"0xf7cba73943a8dc892c3572b57381833547069938","0.000000000001110894","No"
"0xe041fc5c5b18f463283140d328679ebd04d51f8b","0.000000000000954546","No"
"0x22723cc5ae5a1b4514ca41f2466e2ade15cf529b","0.000000000000948093","No"
"0xbb5d6530409fcd0a3526e4c73dc8966c73ff2acf","0.00000000000090198","No"
"0xc7cc004f29a6a53619646a4c6a0a16f20eba7edb","0.000000000000879714","No"
"0xa35de94c287a8a2dd6e324b0f164c515317223ba","0.00000000000074592","No"
"0x5ab1317a541427c4d960c1a3565b0638d17845f4","0.000000000000654432","No"
"0x6ba3d20bf68a33ffc58bbc3e234d6a6266913f6c","0.000000000000650139","No"
"0x7fcfbeeb195fcededfed73b9125f3776c11f9e89","0.000000000000649027","No"
"0x855b11ede8068efa5971760b5b0a6274e1b331be","0.00000000000064818","No"
"0x0e5bad4108a6a5a8b06820f98026a7f3a77466b2","0.00000000000064777","No"
"0x23337471394b3e70e79a62107fb37dfe9553e97f","0.000000000000647249","No"
"0x8aa98470de4bf6a85f13393ae1169a5e625a4e6d","0.000000000000645275","No"
"0xca8ba3edf7ff6626d92a910221e357cdfeb7c49a","0.00000000000063467","No"
"0x95b184e4645485c86c76756f0592b61a1fdc921c","0.000000000000634474","No"
"0x72ce84955f6d4db9683ed218d2d6c1a3f10b2a88","0.00000000000063138","No"
"0x48302a2a5dde607af7768ade5c3afe182d53dc0a","0.000000000000624534","No"
"0x87facccc90b13339d8f136061f1ce1c5c7965032","0.000000000000589406","No"
"0x6c21a841d6f029243af87ef01f6772f05832144b","0.000000000000588285","No"
"0x707ef25d4d67f92ac7f62804d391552370c4dd89","0.000000000000577615","No"
"0xc601c9100f8420417a94f6d63e5712c21029525e","0.000000000000576521","No"
"0x83a74dbfa165b3a76da49fe9b1bbf3e185593970","0.000000000000485229","No"
"0xe0dcbaf6bd744e5dbdd7727a3f106064a2fd3f9b","0.000000000000475022","No"
"0x2cd7ca2ee4ef60bf2d725b82572c659f6f2cf3e2","0.000000000000432585","No"
"0xec688333867c14dff136a6e0287594d5e0eeb207","0.000000000000421932","No"
"0x4fa61f83ba1255462d04cdeffadecaa411ad693e","0.000000000000343767","No"
"0xdb2e02f4ce39c7c965a31056cf487206c62b7a0f","0.000000000000331335","No"
"0x7cbba81f93f6ef3b3e0f2adf0a27f843fa3d6d78","0.000000000000323297","No"
"0x98a7b0a637c3b76b57f9592b75eb33cbcc2ff96b","0.000000000000318972","No"
"0xd6e7d98d9a185cdf8f2c34c684e6582f32b3347a","0.000000000000231794","No"
"0xb621d8c43dab1872b27ae90549022c42f23426e8","0.000000000000207673","No"
"0x3cace3b92e1dfe9b4b40e5a919d7e59d7728652d","0.000000000000193496","No"
"0x6a74649acfd7822ae8fb78463a9f2192752e5aa2","0.000000000000180729","No"
"0x7fa6c2e57d9b21026e60a73cfc3fa2c8b84b0dd0","0.000000000000169386","No"
"0x329f4435e0f22899b733756c71aa12c1004146b1","0.000000000000161502","No"
"0x1498d282b1f2d2226f4aea22219f5be900066ac0","0.000000000000156786","No"
"0x4b9cf9153935e17000d896e78f4230ecd3d9d997","0.000000000000152923","No"
"0x746d7153f009b336ef4c49220545c28ab3be9d61","0.000000000000110506","No"
"0xccfa52dc1d1720c8dbf689baac6cfcf12b239e33","0.000000000000103569","No"
"0x3c6dfb5d608c4849d289d81d8bfccbd48d86d0a8","0.000000000000102612","No"
"0x14b8e5b39070558c5aed55b5bd48be6e8bd888d6","0.000000000000101374","No"
"0x0d5695983ff15a64e27f272c7ad27680f39fe5cf","0.000000000000099068","No"
"0x5957071d5fa23eaeb5a0d3fb4fd801011573abfd","0.0000000000000937","No"
"0x9ade8e1fb2ddb25ccd0eccd42f395d2a6ebe4845","0.000000000000093655","No"
"0x64a75fefd4037b4417f5e999f769bb3564d0178e","0.000000000000084158","No"
"0x1e18c006fce3ee6c6ec6d4290f6ec90441e35fda","0.000000000000081269","No"
"0x3bc3a083d85905afdff3e20b4802b10dbd21bd9f","0.00000000000008121","No"
"0x646edfa485801a36429b32cb2bc4367769603ba3","0.000000000000078505","No"
"0x09c49b66c5814467670eaae1d60c9b3048afd3f2","0.000000000000078029","No"
"0x1b6f876416fd17e0f0cf2b7c47b0f13408156dbe","0.000000000000076014","No"
"0xba2139fade8d0594998e82a97b10c2c7e73fdb2b","0.000000000000073871","No"
"0xe70a59f744722707c690cbb0f5b531d1af870526","0.00000000000007307","No"
"0x70f795df58c9823fa494e284b481c66a39ad6140","0.000000000000072913","No"
"0x51582f18a4f2149d9b0a876930320b06a9c73659","0.000000000000064839","No"
"0xb9be5ea5c013617e017c87b4b64cce27d172fd50","0.000000000000063108","No"
"0x4f847d8143f948d7572511c6c81ba543289f3bac","0.000000000000062996","No"
"0x3f61c53b3440b677495661b4c354a24538360533","0.00000000000006235","No"
"0x968f06d986718a27f89c4bce51d06d6472913394","0.000000000000061758","No"
"0x687f4304df62449dbc6c95fe9a8cb1153d40d42e","0.000000000000058871","No"
"0x49910a3c8c049270a40159e856535807179eb3bb","0.000000000000056075","No"
"0x28cd5e66ca99623ca4f7a2d66d3e8788a4287f63","0.000000000000054876","No"
"0x7100d37385fe7a29debd8f4a76f89ed8a9052f5c","0.000000000000047903","No"
"0xfa3ce8f53eb52fee071099c4bc88d9495c66ba68","0.000000000000047757","No"
"0x0ca9a4babd517ea94d50d028a52db28f1b444825","0.000000000000046669","No"
"0x383c88957e2346d23892a6427869c2630b046f48","0.000000000000046665","No"
"0x43cea538cfaa1dcb91e300dbf5c376cffb879072","0.00000000000004641","No"
"0xfa5910031fbfc760fdc7dfa569113b139a45ef74","0.000000000000046155","No"
"0x0b07c3abb0529a4e9ab7cff3a8ecf844f467e001","0.000000000000045726","No"
"0x5ddfd3a3e652e8c5eb9d32a8897691a8bd208bf0","0.00000000000004124","No"
"0x28b71cb20de4dcd0eceb583ab640a7404f8774e7","0.000000000000039561","No"
"0xf73c24f849bd9fa36502686bf9417fdc3d45bb8b","0.000000000000038677","No"
"0xceb6624bbfc7a38521539b36ae05dc37179e823b","0.000000000000037616","No"
"0xa58627a29bb59743ce1d781b1072c59bb1dda86d","0.00000000000003712","No"
"0xa937f63ba1d69fd7e022fd50628b6d8fcfbde52d","0.000000000000036768","No"
"0x584fd9ca6a743b3f7b50799fbf7da38aa72c87ca","0.000000000000036635","No"
"0xb727fee36a2dc39a8b4c8c27b70fafadf6a47e95","0.000000000000035744","No"
"0xef27f619b3a1daa77cd07c484bf21d1d924b2764","0.000000000000034902","No"
"0xe85cde0f83951985bb864ed213ee42e593917aeb","0.000000000000034336","No"
"0x00c0db2b6d538ee7f27536854374d95130c9802d","0.000000000000033113","No"
"0x349d6f3e15d70fce701ef6254fdb36442b67000f","0.000000000000031435","No"
"0x10fd41ec6fdfe7f9c7cc7c12dc4f0b4e77659bfa","0.000000000000029989","No"
"0xb06114b9997a4a16a078c4107d8eba74a869be4e","0.000000000000029493","No"
"0x5fbba881f76b2b8b093745568612fde3561b430d","0.00000000000002941","No"
"0x59b7ddc4a57f2d9a45ec17bf9aa21f5894b3e9e6","0.000000000000029251","No"
"0xb6b152a8679ec7abdbe3d27c3061943e2517fd4d","0.000000000000028295","No"
"0x6c7d12194327aaf83e584730f070128b67fa0699","0.000000000000028037","No"
"0x4b99247a40f3b872460df3fb1fc0d8e3c1ac5366","0.000000000000026383","No"
"0x34fc4134dc4956955164d8f7ec08d0f78955ac00","0.00000000000002634","No"
"0xe98c4afa5edb05494daa7dfba83af13e34555f9f","0.000000000000026064","No"
"0xbd5364500c7f09c95ab07ec1d8d9ec49e54c33e3","0.000000000000025417","No"
"0x7e8bc7427f2a9464f22f578ce2a39521abcf03c6","0.000000000000024772","No"
"0x19396e2e26c863f6b488e040f1477c1b7a54ec79","0.000000000000024522","No"
"0xbd35ab95ad05dd15ca3bf3257fc68655ce6b9f78","0.000000000000024498","No"
"0x416eb54b41ef37deffd07c0bd0e458d01fd6f146","0.00000000000002355","No"
"0x3a3cbd8556d60562d410a5cd1881e95bfcdefe62","0.000000000000021533","No"
"0x49bdbbc511ec6bbc5d4cf0f45bbbfdd83470a64f","0.00000000000002022","No"
"0x558afca8d68f6a7335837b06ce218a234978225b","0.000000000000019446","No"
"0x86133c621ae2561e3c5b7c9ddbd6ecc12086b271","0.000000000000019313","No"
"0x8a7c2bd487288db07d095c42d00013639781fd2b","0.000000000000019028","No"
"0xaa9dc5a32f042941007d281813b0fc1d51dedc03","0.000000000000018843","No"
"0x85bd4ca89d5c27c886720ee1ada8fc0ed6883b61","0.000000000000017606","No"
"0x2c8927642c3c33568f94590974b1579e09414d8e","0.000000000000017274","No"
"0xa2b12a72017e230ae0f10c5b3a1f0f71c0537636","0.000000000000016744","No"
"0x6241e0edcb939c94c7db830abd0b24648517c634","0.000000000000016676","No"
"0xd2645f07b873553621042aa499e1da490fba47f4","0.000000000000016632","No"
"0xd914b00ab2b8c9718c2084d44b4478b8e3ff2b41","0.0000000000000165","No"
"0xa7682af6517322bcca6fd6b332a598b3e617816c","0.000000000000016489","No"
"0xb79f956774b4790239e8e3f12106a37e638b1bb0","0.000000000000015957","No"
"0x6439fa84d48a1d8178dcb14b3b9df1c59c86c0cb","0.000000000000015934","No"
"0xa2425918f30af40db42b7ed6197be7f7be43895f","0.000000000000015829","No"
"0xb24ba1aa826162e3cbfa0c4cb12e94085e9159d9","0.000000000000015535","No"
"0x0c944ef7ba8f75da6ae4499c5d1754fbc8bd5133","0.000000000000015495","No"
"0x933d3667128c71335d20fa8b9455e44b03d37391","0.000000000000015155","No"
"0x0efcf2bab94861f13646740c76d50766ba0933ce","0.000000000000014775","No"
"0x9245438524aa65b148bee7dc3625e1082b497a48","0.00000000000001449","No"
"0x59c5e18a736ac6424a4253174cfd9625f5d5fef0","0.000000000000014364","No"
"0x7b7cdf48585944a1e11dd423104c089c52fb20bd","0.00000000000001342","No"
"0xd372b0b62934aab020cb978087ac8416c740f965","0.000000000000013274","No"
"0xeb16a96c6dc2ec187e6cfe26c92f25784cf34a98","0.000000000000013144","No"
"0x12bb0f4dff91091d5151d1f0c48808ab8433358b","0.000000000000012865","No"
"0xfc077fdd70ddee28b27ce9c165b99ecb5b7f7f15","0.000000000000011921","No"
"0xd0bf0ac3ca5df7add140a606db70596579b3829e","0.000000000000011584","No"
"0x000000e28faa823d5b53ff6c2922c28335840375","0.000000000000010671","No"
"0x435fcbc37c499cb8197df2d843e7c21d2e77cabf","0.000000000000010023","No"
"0x197e666bcb715f42bc6a60321f1cf7b7cfab8698","0.000000000000009998","No"
"0x93e9b4130f7d30427d25c274ea3f147e10c4e6d4","0.000000000000009956","No"
"0xd1b5d3a11ceee8aa2215d14fb16771c793aec70f","0.000000000000009916","No"
"0xeda1ba3a1cb1205f702816f1c30ea9a916775a5a","0.000000000000009697","No"
"0x141d28bb466e7547ff03bc4bb85b9bf514410984","0.000000000000009692","No"
"0x08e0d81f520452bde9b9503cbe86bce004d28cbd","0.000000000000009589","No"
"0xba9aecbc8052d1a8f38d4bd20d66c48ebb652d46","0.000000000000009581","No"
"0x61800934e42db1408f8a82f66968b20479cccc82","0.000000000000009341","No"
"0x928bfe1682e7d1b8647dab5376f2e5a3372c7c7a","0.000000000000008871","No"
"0x2d34b05042e3140ac994fe0d2efb626b7d71bf86","0.000000000000008814","No"
"0x56c58aafb575ae49d0cf89687d5cfa099bfadcb6","0.000000000000008498","No"
"0xdb6ded7034dc4224eb552349f696a9360377610f","0.000000000000008282","No"
"0xad9a7f4710cd4350a70c0fa2c429d196bab27f2f","0.000000000000008064","No"
"0xcfab322f8665595dc7e0cb96a02131e8dffe80d9","0.000000000000008011","No"
"0x1d5cf0cae47b16d81a83ed2460cb6b6eb2afd61e","0.000000000000007739","No"
"0x9bc94e1614e913f3703bc25a3d80060f9c740af2","0.000000000000007738","No"
"0x1a669bfc13fdaa895c1d917969bcf541081c9e4a","0.000000000000007419","No"
"0xf7e4076f472541270b7cfa4b88674623a1b8c2b5","0.000000000000007049","No"
"0x5571702e9b2b26ef52d3404506b9a7f56bef3ccc","0.000000000000007032","No"
"0x77a61a2b0160ff1e772efdd75db3e46d52c5afca","0.000000000000006993","No"
"0x2b8b353e60434d0e40ff418887dcee73e7b89202","0.000000000000006968","No"
"0x1296b9a5384bc24108d30d2d64c7767e3413ef34","0.000000000000006921","No"
"0x0d96d73ff66c3518d6417e6c94614daa01b47b77","0.000000000000006717","No"
"0x89471cc59494c9e278f6fdfc10100712e4c1283a","0.000000000000006646","No"
"0x74bf8eab93de33cca1c5c78a0e78e5f88c20e8e4","0.000000000000006626","No"
"0xbc05da14287317fe12b1a2b5a0e1d756ff1801aa","0.000000000000006479","No"
"0x114b8f93d3fc4c73b930c52ccdd4eab783e836f6","0.000000000000006384","No"
"0x43f5968ecb71818803c0e561992e2d325ff71d33","0.00000000000000629","No"
"0xa02b6e47052132ec568cf5183c5afbf7f1ad8660","0.000000000000006124","No"
"0xa7af0beb13d4077e30d27a685a69d952637c6401","0.000000000000006093","No"
"0xb591f8bae0a83d1b339d9fdcd0eedda49610fb6d","0.000000000000005971","No"
"0xa06c44151e84a85456a1370cc73a23848d1802ff","0.000000000000005955","No"
"0x8c1a4c98c470900567fb9e764243c89cda79400c","0.000000000000005918","No"
"0xbf0507e155151121b186998db92a48a422756b78","0.000000000000005811","No"
"0x6b53cb0bacf5952c95dff5010938cc54081b0779","0.00000000000000581","No"
"0x1cafa49299d4f54ef2030d7b0e0f6749045c8709","0.000000000000005809","No"
"0x0e9e19e7489e5f13a0940b3b6fcb84b25dc68177","0.000000000000005737","No"
"0xebc4e437539383220228b936f7691dbe41493243","0.00000000000000571","No"
"0xde0245dd3bede4bdf36bc72f79db01994ee79fbb","0.000000000000005707","No"
"0x1251808b55a93a2ac68cbbf309b7ff411f3626e7","0.000000000000005697","No"
"0x2817d13ed8ed176cd99684c8bd5bdb0145667228","0.000000000000005416","No"
"0xb8a16dc085f9cfd934e53e8cea71647488f89800","0.000000000000005246","No"
"0xdbcb594b62f5aba69a9575da938a93286836228b","0.000000000000005239","No"
"0xbab7e211351d5658dbfe8d651b354fc1c7180f01","0.000000000000004985","No"
"0xb968e7288918c1f329ca9e408024362077ee1fb9","0.000000000000004886","No"
"0x4ad92b5caece399b7923fadbd173531d5bccd0f3","0.000000000000004846","No"
"0xf0c84f763ca041f9a3353fff74106909b65f29df","0.000000000000004821","No"
"0x6c50bf7ee47508898362a406c7e271b9988fd20c","0.000000000000004606","No"
"0xdcedf06fd33e1d7b6eb4b309f779a0e9d3172e44","0.000000000000004587","No"
"0x22b2ccb53963da600c83191db1ce3f61f92dcf45","0.000000000000004287","No"
"0xc74c2f26576610cdb88f410fe6e46202d832d33d","0.000000000000004254","No"
"0xa960d5f0aaeceb88baab52dec35620bc723f3a12","0.000000000000004131","No"
"0x9c56887bb34779dcc0345fc017908655223faf62","0.000000000000004101","No"
"0x9db2aff736f26791ba9184059cfd487f34837904","0.00000000000000406","No"
"0xdf30911df2aa5f7a7abd5c8b26392384c8042a78","0.000000000000003962","No"
"0xb129ed57bae34ce114d7929ba9f83d6aeee66ff1","0.000000000000003913","No"
"0x86004cb5440ff1b30d267f7e5e09491a7cbebc96","0.000000000000003881","No"
"0xbc7b90017a80bed2c4530781c3c535c206493234","0.000000000000003709","No"
"0x3146d5d9ee1282a86fe421031fa34223a9a1e586","0.000000000000003691","No"
"0xcbb820a91b802a3fb0287ac7d895f80eeab4a9a2","0.000000000000003685","No"
"0x972b116c514b9350ae27aadfab5b9a6439733b5a","0.00000000000000368","No"
"0xaf5aa06e164daf6e28acadeca69e399720f19556","0.000000000000003664","No"
"0xa070e2edb6a2fbdda0dc6fe4a143a960c76ad5c9","0.000000000000003529","No"
"0x91c09c1dee357f430003d393984256fd0a569a8b","0.000000000000003477","No"
"0x30a50c1199b61cf5ad6b1855b2a26389b72a6038","0.000000000000003434","No"
"0x9ebaff2192d2746fec76561bdf72fd249d7a73ab","0.000000000000003433","No"
"0xe06310ba21041c1ceeb33c9806441f4e398a82a1","0.000000000000003426","No"
"0x44e2685e05ceb5d864bc08617ae33b83b1794c9c","0.000000000000003299","No"
"0xbf6369325b840a31e6f60ec0e7a8543544ebe1ac","0.000000000000003075","No"
"0x60ad81273c776aea562faeaa601ffc1680ae929d","0.000000000000003026","No"
"0x099053b51ff0aa3d4972c2e63b92e5867967cc25","0.000000000000003009","No"
"0x6f21dfa59c75ce8e3b89a2d2062d76e8e603c116","0.000000000000002976","No"
"0xcdec510974a17fcf3156efb104990de7f12cbcfe","0.000000000000002911","No"
"0x025c695f8dc7a5815c60918336e61db68211d0bf","0.000000000000002905","No"
"0xe5c066a3cc3c12ef5c6bbd13e18078e61a8d004a","0.000000000000002777","No"
"0xc54561a39169310fd55e855e1f5ab901f762ca8e","0.000000000000002756","No"
"0xcffa932ed8e2b4491e18dccb850aae83f3ab7af0","0.000000000000002679","No"
"0x0f60852c32b83416508f875f6c6b7a7b002d20fe","0.000000000000002672","No"
"0xabf0f7bd0dc8ce44b084b4b66b8db97f1b9ce419","0.000000000000002665","No"
"0x3383bb586f2fb63abbb0bd68f94d71bd25940e20","0.000000000000002656","No"
"0x874186243449c3fb8b1cfc29f2848d57f6645016","0.000000000000002642","No"
"0x8f4ef72e5a07ce7b4bb842efec90b21ace66dcd7","0.00000000000000264","No"
"0x94e03e53eb477bf1223ababde81519743bacee3f","0.000000000000002627","No"
"0xfc5ec7cfb9b5e54a8c1beb28e0270eb58ed9304f","0.000000000000002623","No"
"0xf03281cea3893c1d6d3e10e2366aa5fd5fde6b2c","0.000000000000002609","No"
"0xc9e495dd16166762aaf5d1c4e8eee31215b7a22c","0.000000000000002596","No"
"0x6760ff558c1db2231eb2cf1d16de05b01231193e","0.000000000000002555","No"
"0xdd3917eb7bfc8015b20759ea426d537ab1cfb87c","0.000000000000002472","No"
"0xf9897204d330fcd729a65315f4a9773019495d86","0.000000000000002471","No"
"0x00cb97487391d0ac7819c77098dbfd75b1d76787","0.000000000000002466","No"
"0x43693689f8f0afcb685b9491f870b5c911f3f20d","0.000000000000002461","No"
"0x1608df0546d43e53726675d2533122188861e4a4","0.000000000000002438","No"
"0xf82fb5dab21821f38b38bfe80e689231ee57df58","0.0000000000000024","No"
"0x22c2263daa8da302673157056737d3dde9c1c306","0.000000000000002331","No"
"0xfcc3c0d125e781bdebab1db40cf2e11247d65da2","0.000000000000002271","No"
"0x9f6fed26339789725b0751f57aeac23367ceee57","0.000000000000002234","No"
"0x556f4ed7eca1801895990d26f37d749f5551d543","0.000000000000002232","No"
"0x9dcde9fd7566fe92fc7419cf1c1441c73badc0e9","0.000000000000002164","No"
"0x2cb7ac410532e0900757cf74de562ea1fe27cda7","0.000000000000002132","No"
"0x3317fe034c5b5f00f91f4423a9072d7b38a5461c","0.000000000000002097","No"
"0x5a5f5a4615abc191c10b9e54f6cb216748f797d0","0.000000000000002077","No"
"0x3c784e064349a1147117585a7363b9c8f0d92bdf","0.000000000000001993","No"
"0xd7be32e32347d8c21e50280a521a037c05b45fae","0.00000000000000198","No"
"0xd66398f48d25d5279642f7769d299325e14a0751","0.000000000000001969","No"
"0x7ca28fe6e9a161dbed6a6a32241e52419121aef0","0.000000000000001966","No"
"0xdeea7465ba904b61b27ef1fabc6b2ba691f173b7","0.000000000000001955","No"
"0x6ea0f22ec1c5411a84ccadc2a80d6574e9c7c71d","0.000000000000001946","No"
"0x43ee33787b41fc397477e8c581c79c17e4e3f80c","0.000000000000001943","No"
"0x84451132ea748749cfce6ac2c5b705344ef888b9","0.000000000000001919","No"
"0x3684116871a3890d447d79d9470e2a97eb6ea6f1","0.000000000000001899","No"
"0x40f0c7b1faa3b6126a90248fe36476a04f35a5d7","0.000000000000001893","No"
"0x54b33fa0824155fe400a862731053d778c0319c2","0.000000000000001884","No"
"0x86e8758a89ca617faeafcdfd04bf5dd0bb0b917a","0.000000000000001879","No"
"0x507caa2ec2aab51fdf568b11fcfd46a9d722cbc1","0.000000000000001879","No"
"0xdd70995447f309ef03c52aee6721063aa72b500e","0.000000000000001865","No"
"0xffec59f34e4d37ffad30e0d02f75725085970bfb","0.000000000000001857","No"
"0x1d53af2f17ea2ef8aaffcd7b8b318d1413ecdbea","0.0000000000000018","No"
"0xb84559600ff7ed3343450c308a508c9598ed7760","0.000000000000001766","No"
"0x42e349d305b73d31e1a5768e1fd0ad6cc6b4e9e2","0.000000000000001724","No"
"0xc787954de69d01f8707448b442a9d225441b08a4","0.000000000000001721","No"
"0x934d96724147328d9b376d5d532c2455f31f089b","0.000000000000001719","No"
"0xb2b194901208ab436bf236e6bb16eb7a0dbd287e","0.000000000000001676","No"
"0x10e6bdbef34d5279e729142a19b0bce07813b6a8","0.000000000000001667","No"
"0xc6bf059aabef5668c32ebeef3dae82e59d4ebc4a","0.000000000000001653","No"
"0x85a0943f2edfa35601f2f39bb563dd448836013b","0.000000000000001634","No"
"0xdbdbc655bf297f103338d7c39436e2ae587c353b","0.00000000000000163","No"
"0x47f3c4be27720e5352fefc5ca076cf39e2ea862d","0.000000000000001623","No"
"0x3b3c17072773191820e1b01de0c9eb8f90be07f6","0.000000000000001604","No"
"0x389e7ce501036d6028ccae37a1f2cd4af3f17950","0.000000000000001601","No"
"0xd8b4aa73c4579d8175d12c3342df5b79fdef6bb0","0.000000000000001581","No"
"0x8d452c1f4bae385b13933c83ecff70d74229915f","0.000000000000001575","No"
"0x9db6a774020ccf08b5ed0ed950762a2245392f60","0.000000000000001552","No"
"0x6e4a1f718a9d39aa004eb06302333fec0cfd425f","0.000000000000001536","No"
"0x238d551b57ca6bfe07dbd91c28608109cc04e584","0.000000000000001527","No"
"0xafb15e4f247ea0ba77ec8a4039607e9d9b5cbf0a","0.000000000000001503","No"
"0xcf7c9319c6785a0e6bb8a3d89bd84dfa23926fab","0.000000000000001497","No"
"0xcafc58de1e6a071790efbb6b83b35397023e1544","0.000000000000001493","No"
"0x7b70fe6e1421e7de9aa714cce59b05405d212daa","0.000000000000001476","No"
"0xd0c887edaaad7b0856b8f048fae4a53d80de4225","0.000000000000001475","No"
"0xfbf1bde972461ee203e8ab73c86a27a9a37ed189","0.000000000000001447","No"
"0x01d40ac3b0f2c13b34d0746354dcd98327b8e377","0.000000000000001363","No"
"0xd2e564b53775145e1e2d7901aa7602badb7df66c","0.000000000000001345","No"
"0x155df48ac561e361c18a76da5dfee193f782143e","0.000000000000001344","No"
"0xeb2a77971d5a8d3b458b81e7964de27a2453f84a","0.000000000000001334","No"
"0x137ec1562bf815d071ab198d3173635ec53823d8","0.000000000000001328","No"
"0x3f0e6cc4a9905ece643f7124130450c50141b570","0.000000000000001322","No"
"0xecab99d718d199f652d6c98a80adeece5eef644c","0.000000000000001319","No"
"0x8f50b88d4d6f082ac02933888cf588a5b89ae2ab","0.000000000000001314","No"
"0xb72a3d7b303e0f40f33a3bbdd36ffe30883e0968","0.000000000000001303","No"
"0x28ecab16e94673f078d0a3453929c95c0b367f7b","0.000000000000001257","No"
"0x2da962037d5166e0836d28063e88bfa495cdcdb1","0.000000000000001226","No"
"0x839c92fc98a8eeab03047cf851b98822fa58b8d4","0.000000000000001219","No"
"0x4a2b09f4f10f1a873f9fca6541b89628eab07c1f","0.00000000000000119","No"
"0x955652af114d2b05ac5b3a902370bbee5c5168b8","0.000000000000001172","No"
"0x8d753926910da148ca582d4bae9176bd7a527ca1","0.000000000000001152","No"
"0xcd93c05ba4b2a345106bdde15b23b100e80f9996","0.00000000000000112","No"
"0x3bd85028ba5e03722f88cb9be26c9a2e01adc27a","0.000000000000001113","No"
"0xcc5b6bda525ec7243e7c4406af346294244175a3","0.0000000000000011","No"
"0x37481b2687f58a8706eca8ee37ccaa090497e7ad","0.000000000000001083","No"
"0x20ffccec72e6eb47a49f1c8133a991e34005b8d2","0.000000000000001078","No"
"0x37865b43ff95b819a97543658db8dee801ea9c7c","0.000000000000001065","No"
"0x188715f8b5371e5f8002edb6c9583aed78ebd096","0.000000000000001041","No"
"0xd6ae1e45bf86d0bd4cf3b33b89b37fbf97f78cd6","0.000000000000001029","No"
"0x62e7fc4a4bcb3b94ce463496c5b58cb8b79a717d","0.000000000000001022","No"
"0xab03d86c0cfe9790752073d31bccfb00b8998740","0.000000000000000997","No"
"0x2d4845cfcbf88cd6d49f21beb73d16dac043bc68","0.000000000000000972","No"
"0x033693f3017b35655b2e87dc1193d2b30b464fae","0.00000000000000097","No"
"0xb25f5ffd85a08971d657a9a28345d401f9f65cde","0.000000000000000963","No"
"0xec769878ff9c9e4670d5f897377832bd22887dba","0.000000000000000962","No"
"0xce35b5ad53bfbced2e60e5587f7fdd8bdd475d85","0.000000000000000962","No"
"0xa0710cd232b4f470d875f7dcfdac338a9372daf8","0.00000000000000096","No"
"0xf961e5e6c5276164adb2865b7e80cf82dc04e920","0.000000000000000949","No"
"0x968238574c7dea26f01245b2dd0a3bc4fc796e10","0.000000000000000946","No"
"0x2d78a19e838a88827749571cf1a0d381fd563139","0.000000000000000936","No"
"0x23e43119ec00a0c4ef466a3fb98f6fa30e9cf038","0.000000000000000919","No"
"0x12bdfca7d90c76452661f3fa0ecaa2ee3db25fb1","0.000000000000000913","No"
"0xb0e5453ed14b2e17e41d35e114f5c530bd604361","0.00000000000000091","No"
"0x5c9f835a93b71ce6cb266199ef0060e277164a47","0.000000000000000907","No"
"0x1dd1adbb5b452e6d842765490dd3797e9ac66119","0.000000000000000906","No"
"0xcb5766f0f6a507d2df0bb9b7c6a566b7feb65775","0.000000000000000893","No"
"0x5f620f8f25996417870229bfcd2a081e9db70025","0.000000000000000887","No"
"0x1c74b67f9c6dd986e4735b3e2b34bc1eaa828a20","0.000000000000000879","No"
"0xa4665628a41b731b8030980d58b6024e7b5a37e2","0.000000000000000875","No"
"0xf40ff7aa7de881c39fa7bb5e997728b05a7aeee6","0.000000000000000858","No"
"0x3a678a763ccae90a459db03a93ca37bddb0a527b","0.000000000000000834","No"
"0x9cfea55791123da6a32e1972c919008a35db99ab","0.000000000000000824","No"
"0xa765a629f11f538f6d67e3fdf799baed1506017d","0.00000000000000082","No"
"0x40ff919912ad1e571de709a147aa124ae7017fdd","0.000000000000000818","No"
"0x67e3de6b1ae6fa1eb5692bea9c9fb8dfefa2ef67","0.000000000000000817","No"
"0xf1de2399973afc71953b248eb4c280b9ee631544","0.000000000000000815","No"
"0xa534e734446cae195d65d920fa47305f0dc55934","0.000000000000000812","No"
"0x686e2d1eb5aab8769664d740cdff5f6d6b6cd89c","0.00000000000000081","No"
"0x3096d872e1fcc96e5e55f43411971d49bb137b9b","0.000000000000000788","No"
"0x595bd2e3ba566fcefbe207ec3bafd62a528b4b00","0.000000000000000776","No"
"0x853c94aaee967d2a105331703f80aabc6c948a75","0.000000000000000758","No"
"0x7ab7ba8d27e4fdbc68253d491060b1a029742d90","0.00000000000000074","No"
"0xcb5a4dcaddcfc985e04fb4098c003379dba5fdfe","0.000000000000000738","No"
"0xfcb93289ecf8d25afe296174e293cfcc5e17e3ef","0.000000000000000729","No"
"0x49eaf1072712c543cf87ccc1f75c6b3c6437e790","0.000000000000000715","No"
"0xe5c654f2593ddbb6af8d2105647660511a4a19ea","0.000000000000000708","No"
"0xba2e1899f5276f688253e8ea46e5b59a128a3859","0.000000000000000708","No"
"0x499487f6be895b71cf57881c22d5f6d855fcb8a2","0.000000000000000706","No"
"0x63171941159524cf99c32fd8a68db5302c41ba39","0.000000000000000684","No"
"0x927c8fb9fef2048fd99957f39687614013d26f3e","0.000000000000000677","No"
"0xc8f8283008065e5259110f56e35ebd033be4e5be","0.000000000000000674","No"
"0x1b9f160a394ef5a05c965e4638292745130f7c6e","0.000000000000000673","No"
"0x23a51375a34813bb86dbaddecf3722feb60b3889","0.000000000000000666","No"
"0xc3c33437b840fee4e5c9f52d16d67a3569ff4885","0.000000000000000663","No"
"0xb4909d610e96c7adaf65b8eff73a1f793569fd5a","0.000000000000000658","No"
"0x48e5cb5e1fe126804b4700f91f7df567b512785c","0.000000000000000657","No"
"0x0735a3936193a2582fe12f0cb157c2b3bed76931","0.000000000000000655","No"
"0xc9bfea95d02961ea9ea77c3b889ada773fbc1cc2","0.00000000000000064","No"
"0x03d57aad122d22b9bfdef32b4d86042aef900740","0.000000000000000633","No"
"0x6c7dfe2b791be2a5b4566f93b87cc29c4a41bd07","0.000000000000000632","No"
"0xa389c4de605afb37e5a0fa3d1d5d7aee2093bdd8","0.000000000000000629","No"
"0x7e53502b0d6c1efc21689ece63bbb3658dbec274","0.000000000000000618","No"
"0xa1eb063e50bd82f3b511bac3084abd67cf79afd4","0.000000000000000608","No"
"0x70de66d675e79f62d6884245c4399a80eed142cc","0.000000000000000607","No"
"0x6b28fa3cc6e5d881f304e2680cb9f6d3548fbfc3","0.000000000000000607","No"
"0x0cb437fc350e3d0ea0496f3b9f769bb60a21b0ce","0.000000000000000607","No"
"0xf3de14b366576015d531ed71d437c1fa599ec18c","0.000000000000000598","No"
"0x2e4ae4d3bd0af45040b4f17e0bb7e6dc548626b1","0.000000000000000597","No"
"0xc9ad3bb85f0e41f51f39ad1d3e854b078831ba1d","0.000000000000000591","No"
"0x2b5560f15310f8ecb9342512e9df71ca4d352c88","0.00000000000000059","No"
"0x19e480f9eb4a1c4a608eb531f16ec8fde1787a14","0.00000000000000057","No"
"0xd231f09f898b89a5ba27d49c932d935421c0858c","0.000000000000000557","No"
"0x579435914e1d9fc5eac3ab6c15cf6eb7cbc09669","0.000000000000000553","No"
"0xbcac898d6fc96b8821a164a413dbd7898f3348e2","0.000000000000000546","No"
"0x47add9a56df66b524d5e2c1993a43cde53b6ed85","0.000000000000000536","No"
"0xc96895ff05bbe628797d4b3708ffa08bf49a86f1","0.000000000000000524","No"
"0xb81e05fda4a2767a052c47e49b52ab03795d6b1b","0.000000000000000522","No"
"0xfad52c91de37230cba7ea5b3ae98ed44b1737ef6","0.00000000000000052","No"
"0x081c224064c0323ff5937c856fd21277018fd8f2","0.000000000000000515","No"
"0xb1144e6c45c54668962cb1b6dee03f4d6d3997e9","0.000000000000000514","No"
"0x8d6f2c69476f858c002acbe03922fca6fea5fe0f","0.000000000000000513","No"
"0x2808d95725fc5ad180552b98136f49b7ecbea5b8","0.000000000000000506","No"
"0x71b3bc0eea5a9a0a991f2b154026e68d3c77fadb","0.000000000000000496","No"
"0x84c4b2eec287582f4366378649e1b9efc06e7cde","0.000000000000000494","No"
"0x38c95436c43c7ddd0f8a8591fb1dcacb2753b9f1","0.000000000000000489","No"
"0x314614ff2c14b9710b843244597ed7d3f3d12fa5","0.000000000000000478","No"
"0xf1ed74708d277ae4cd3a0a74173fa6da81ae6999","0.00000000000000047","No"
"0x03ddd5a675e2cfa35b9ae2b207a7dbd95fe24646","0.000000000000000467","No"
"0x085bf45024306315a02e2448d9d26408e028056e","0.000000000000000454","No"
"0x58c2b92014aab81642669df8e838de9f56349da7","0.000000000000000451","No"
"0xc7777c1a0cf7e22c51b44f7ced65cf2a6b06dc5c","0.000000000000000446","No"
"0x9d1ad3aa93da59149112c36714c4a1259feb2958","0.000000000000000431","No"
"0x2724cbd9298b03886d169305b3dd67e5fc3c2678","0.00000000000000043","No"
"0xbdb2c458bef183ad00667206c19f00e8467d3d87","0.000000000000000427","No"
"0x24dc43d37852e8008a9934c519bb7483dee70cbe","0.000000000000000426","No"
"0x2bc8c18e75b162d6173405700d01bd6e541a033f","0.000000000000000418","No"
"0xc3489c9782131460d77c1e8b71ab47bfd27ff8e7","0.000000000000000414","No"
"0x826eb29de2bf68401c9a484815393ce57a7a7350","0.000000000000000411","No"
"0xea954f48d80ba5572c32241f33020e9b09085338","0.000000000000000405","No"
"0xa24ebe62c3e7167c87c6915081815a6b82d45a44","0.000000000000000405","No"
"0xbd870f4e247a16bf66b5770ad06caee52ae7a394","0.000000000000000403","No"
"0x8efbe02a0e36a354ab20400f629003d8881e215d","0.000000000000000396","No"
"0xc81fa91f8da4f2b07434bb4dfc205fadbd1beb6e","0.000000000000000392","No"
"0x3df9df468a295337da958229cee911de7d903eb8","0.00000000000000039","No"
"0x39b1f0d5decebd08d8a8ac7ec24d9464f70e33a6","0.000000000000000389","No"
"0xc6404f24db2f573f07f3a60758765caad198c0c3","0.000000000000000382","No"
"0x2e040d6d39fd49575208ba68244561b573543ea7","0.000000000000000379","No"
"0x74e142df816c376bd35d7ae02914fc8168fcd45f","0.000000000000000379","No"
"0x4a4037e53306f284cf214b733e9a54d6a5939818","0.000000000000000378","No"
"0x6d9a31624d13fe1c42f6af0897f641bafaa00dd2","0.000000000000000377","No"
"0xef09f565f0056033093ff3209d01334b8ce9cf00","0.000000000000000376","No"
"0xd8e52c57af6bd4124b55ad1a016983ea41f4602a","0.000000000000000376","No"
"0x7cc3bc95c99dd5a6b9e8a59f42e60860bc6753b1","0.000000000000000367","No"
"0x571246cc386ad2193ac840cf78ec8f893d43231e","0.000000000000000367","No"
"0x9bbd8ef844b015dfa39e39d5d6c68ad9a385cedd","0.000000000000000363","No"
"0x642c76d07a8a4d0a23deb09a24e9aed5f02d0f11","0.000000000000000362","No"
"0x8771ac12777b4cdefefe53f259f73065f7d74518","0.000000000000000358","No"
"0x5872a53169b501de35479961f731012038af6e79","0.000000000000000356","No"
"0x7ba03291202a566d71cd2dd11271b486792ff819","0.000000000000000354","No"
"0x76f21fbb329f6a1eae47e5f56efc1a57822e2394","0.000000000000000352","No"
"0xda6ac8769264d54074d94b112414084826ca30e3","0.000000000000000348","No"
"0xb2043c543bb60fb7aa7265cdca359a35c4bc09fa","0.00000000000000034","No"
"0x31c0c5c1000272d70008b4ce28d7a42730faa6f1","0.000000000000000337","No"
"0x4eaac96f2d275764ad7259c303fc932d8f6b1e49","0.000000000000000335","No"
"0x9381e7ca2a8a7077a0bb7e59957d815aeeb62c8d","0.000000000000000334","No"
"0x59c0d35c292dadac747d9132c474225b2b9026b1","0.00000000000000033","No"
"0x8317c6f5ec97061e402a531055a0b0acf03cf67d","0.000000000000000328","No"
"0x7fd9105c7eb6b2936d8df87e83eee519aabd53ae","0.000000000000000328","No"
"0x8fb20c72139b2a971ab814503d61111349f8cc78","0.000000000000000327","No"
"0x67e89b9c940659ca7f05a2d8570b41f50c042aa0","0.000000000000000321","No"
"0x89cf7346379b28331d8cb0c559faaaba65e39be4","0.000000000000000319","No"
"0x13c90aa3ff88522a8b0f6f82d7f2225299fcb6d5","0.000000000000000315","No"
"0x7ed217abd83ecd7d9f9efae0d51267c697324b58","0.000000000000000314","No"
"0x2ba21e6d8055374b6a279c65c04fa3ee390fef60","0.00000000000000031","No"
"0x8f3e16084045500b777c72150a2044967897c0b5","0.000000000000000309","No"
"0x227fd2fd881cc6c99dfccc0fb40f2b1dc2f3f36e","0.000000000000000305","No"
"0xd40c2bd6733066eba2406bd5a2470a783807d10e","0.000000000000000302","No"
"0x3e5d4d9867afd50d1febf5dad725daf45392ae0b","0.000000000000000301","No"
"0xed2170462e997b9590f77bf2cd3cd283b877eade","0.000000000000000299","No"
"0x3948943fecd4dd2fa09c94157c55979855b65ede","0.000000000000000298","No"
"0xec4f2149327ef65b022a632100e33825b2431f0a","0.000000000000000287","No"
"0xad1b9f05f9867a48f3af45906cf81fd04ba8fa73","0.000000000000000283","No"
"0xee98ab6288895ca7c5b97dac025ad56e34f61210","0.000000000000000278","No"
"0x0fd2264491e7d7186528280d0d8472a2f1feb16d","0.000000000000000275","No"
"0xc38dd04f9b24a649991a92304e1fb0110ad2acee","0.000000000000000274","No"
"0x83ccb4fcd2fa2340c4c6b13b55fbbd0e8caa3eb2","0.000000000000000273","No"
"0x5b46de6901fd09c5b28022418294e83a1d6f0929","0.000000000000000273","No"
"0x78ca925c7e0dd70f07e06d90784e32e388e3029e","0.00000000000000027","No"
"0x60318b16c32edf4c1a88395656209700cc093872","0.000000000000000269","No"
"0x916f27ccb4d07a98f196fa0b95e73979f72d7662","0.000000000000000268","No"
"0xa316dec99a04c0fb8b7c649aaba16b363d908e0d","0.000000000000000263","No"
"0x370ab63e68a9871722a9034edb48b86fdf55ca01","0.00000000000000026","No"
"0xa856ca4b9b1322cfe2d83e79a1880c58829302f1","0.000000000000000258","No"
"0x4ec3fa22540f841657197440fee70b5967465aaa","0.000000000000000258","No"
"0x78c73dfd4e67a0eabc4a5873816df959ff1fdcc5","0.000000000000000257","No"
"0xf75cd3afd55213aebdc50de32cca25bf191df49a","0.000000000000000256","No"
"0x88a6878abbaa13ae9918bc0c2e7300d8cb3a6b58","0.000000000000000255","No"
"0xd21c7bc5af33ba66ddc319aeb5724370b28a5e99","0.000000000000000254","No"
"0xba0d95449b5e901cfb938fa6b6601281cef679a4","0.000000000000000253","No"
"0xa04752e5ef61433d7f1c688812d304cd7d8222e6","0.000000000000000249","No"
"0x7d658841f8ba93299970f6e765c2ce205f1e70dd","0.000000000000000247","No"
"0xbdfb5094e7013d186dfab3f2bd0724cedfcfef6b","0.000000000000000244","No"
"0x99ba7ca2b06e08348c61bf1f93a73e2e6201e866","0.000000000000000238","No"
"0xede67b42ea5e7d56847f1c7bcf5c408447591593","0.000000000000000235","No"
"0xb8e6f532f6fee638d369228e87af10a79ecaaf63","0.000000000000000232","No"
"0xfeac7b2bbbcdc103718e2929650aea060f20440b","0.00000000000000023","No"
"0xfa16fd38c53bed1aa06b1f095e7743dfcf651434","0.000000000000000227","No"
"0xdc698758ac0468df0981896a68f8f9017c6fcec5","0.000000000000000227","No"
"0x0fd569b9c5175c27a0e63f6354eb289968e67114","0.000000000000000227","No"
"0xb83420956f67a31b8220f09891c8b7d39428e286","0.000000000000000225","No"
"0xbdfa4f4492dd7b7cf211209c4791af8d52bf5c50","0.000000000000000224","No"
"0xc89a59a8abc70477fd7d36e9e1c463f924e9e122","0.000000000000000223","No"
"0x37e229da51d1c1e1bdf05e2c0d3e9493bfd33d6c","0.000000000000000221","No"
"0x04890f71f94a9d2d38f6dffffff56f3e61098b23","0.000000000000000221","No"
"0x686cab37f2ecc70c070288513c2d852e20031fe7","0.00000000000000022","No"
"0x991d8ce51ebfdb76896adb07140be0a15dc007b8","0.000000000000000218","No"
"0x8cf30115260b9218fda018cfcc7038f950006d1b","0.000000000000000218","No"
"0x87b04eb1faa6fe8dc7b50a428fbf9856b4b169a2","0.000000000000000218","No"
"0xac5cf02051fd3aa995d9b7195d679242186d2f05","0.000000000000000216","No"
"0xf39db550313a253a912746f6ddc6637a8193dcce","0.000000000000000215","No"
"0x07adc54c94ec5f37abb85e31d21b5d1baad63642","0.000000000000000213","No"
"0x423c8862bcd2efe26736e07113c92dc738f237ad","0.00000000000000021","No"
"0x8cbcda0cd7df045cf7fbf4b477dcbdea3d88746f","0.000000000000000209","No"
"0xe735e1aa65653c8a9611f7abdefc843904a91f81","0.000000000000000208","No"
"0xbaab80996e31dfedc754e41a7101188b9830c842","0.000000000000000206","No"
"0x9f38def2b53c48bbcc093d0215503dfd7706af32","0.000000000000000205","No"
"0x3ae5f59d8813315e17eb3f2bec21c0e935cf0808","0.000000000000000198","No"
"0x75e4f286219be37c1aa4cfdf64a7f8d197ace3e4","0.000000000000000196","No"
"0x7a85be2e7777c0b2ef87bb2b17491b4a2b157f00","0.000000000000000194","No"
"0x463fff6b2eabff0cb63fc58032d7bd1e06f290b2","0.000000000000000194","No"
"0xbaf6610405bd8c60432fbd329885dae617e647ca","0.000000000000000191","No"
"0x438e44d6228abacb9f77979d465d48e47317f5c1","0.000000000000000189","No"
"0x4e4f010abec5d7d75409b469bd0f84ebba40bd7d","0.000000000000000186","No"
"0x8e1a49c971ad1ff6f4c50ad964a1ff674b5344f4","0.000000000000000184","No"
"0x27fae9d8f186651a0e6fe084cd4feaaf2533d9f1","0.000000000000000182","No"
"0xc263b094db9cd027cb3176bc0decc96fd839c35e","0.00000000000000018","No"
"0xda28ed821de3ec2b7a8e854373e33253cf12424b","0.000000000000000172","No"
"0x8ac228d85989cea83b8c07b8829524214c92fee8","0.000000000000000171","No"
"0x42982465d5dd598ee98406f78ef739a960a466ca","0.000000000000000171","No"
"0x52277b361a8a90f300257e86a687e9b39a087341","0.000000000000000169","No"
"0x149d61c8b4195762990c1b7b74e88dbdbaf6f821","0.000000000000000169","No"
"0xa46b695d91f4a50e237479bf71f2dc7e0c9b5120","0.000000000000000168","No"
"0xcf1d56d6fa4f8a3404106ef4765c140546d1e5e3","0.000000000000000165","No"
"0x47c3e0bcd88fe20ee5684abd4b0a7b318a09b29b","0.000000000000000164","No"
"0xab35672080f71cf3e49ad17e5a9aab5088789178","0.000000000000000162","No"
"0x9a523f7323fecbae6894c0beca679da329e06df4","0.000000000000000161","No"
"0x8d8bda55ed78035947597cb64f6aca72739f0580","0.000000000000000158","No"
"0x160a1d0102ff21be5533e72b51ddd3eca3a9996b","0.000000000000000155","No"
"0x3e9e5f3a619b864c484db209f8574166d30a910d","0.000000000000000154","No"
"0x2ac7dc4813c3bd12252b69365d2f46231e3f2743","0.000000000000000154","No"
"0x04dcc4bcd5d8f0cb109e639edf6f37f98c9e2392","0.000000000000000153","No"
"0x8544e3507f7efe54a5958928a8296e19e9239156","0.000000000000000148","No"
"0x5c8b80428ada9e438bcb2a5ee0c93000c745b706","0.000000000000000147","No"
"0x24bb3844394a7cf254b470260d73b881b9b4d476","0.000000000000000146","No"
"0x60fda0393bba03ca8258bf39fd6825d27f40deb1","0.000000000000000145","No"
"0xa9ea8aea582ed91280ef1bed3f75fc25bb3f06d4","0.000000000000000141","No"
"0x1afd3a258b1a9b397a24a239bb70444b478deedb","0.00000000000000014","No"
"0x00000004c466c98c26be4e4e7228001f1fed91c0","0.00000000000000014","No"
"0x89f40a1778352d53049fba211259ae161db1a061","0.000000000000000137","No"
"0x2fe7df4dad91ef6531cd14fc1c109d2ba1755203","0.000000000000000137","No"
"0xbed45fdf5ed82ae94c6fe5051101ed56d6b298b1","0.000000000000000136","No"
"0x9be7b39d6d9d05a00e552f016d59d6f8d79fd74f","0.000000000000000133","No"
"0xfcee120094854fbfdc98ce8a80b8057bdeb928a7","0.000000000000000132","No"
"0xcb9b57dc6fee7836be375c41b48d46bee688ff40","0.000000000000000132","No"
"0x6f467cda73d34594498d21bd29cd2aa58b4fba20","0.000000000000000129","No"
"0x6e5ebab02c8304527b01691fcaaf40f8023f3d0e","0.000000000000000129","No"
"0x0f71007c3dbf24ec6e83de811f3ea46b24be7bcc","0.000000000000000129","No"
"0xd4deb9e5f8ed3e3e59c1d26223b03b16a821429a","0.000000000000000127","No"
"0x2803c2df4cbfb581b03f5857ebc55c47f549d65a","0.000000000000000126","No"
"0xa844a7bb458e152ed1bc0e0770e5b4079ea289ff","0.000000000000000125","No"
"0xa160d4584eac8ff04f3fbaf7d1fa5c8937e90780","0.000000000000000121","No"
"0x3ada134a3126f163e42c81f159aec85c2a3dbb9c","0.000000000000000119","No"
"0xd0f025ff13560ca1a16fe9cda80368fc24b26274","0.000000000000000118","No"
"0x3e3e03f3ee0e1a7f4af89be3822c8c7538e432c3","0.000000000000000118","No"
"0x79819a92ac402d53a46816e9a501d72d79b60ffa","0.000000000000000116","No"
"0xb527a71a2658cf6e6feffc2ce86f75820303b04f","0.000000000000000115","No"
"0x39fc08e1b1bf18d90075afe1441f46c41088ed88","0.000000000000000113","No"
"0xf0470337b70a1281fd3372498d8fd8c295fa013d","0.000000000000000111","No"
"0x5493fafe27255f98c51ec8c58812186340a46c23","0.00000000000000011","No"
"0xe9727c9069d964a358a114e4178a34996c19d0ee","0.000000000000000109","No"
"0xe24bcd4331b3b77646154262630758935235d1ed","0.000000000000000109","No"
"0x722b58ea8ac61149858756fcce2dc19ebf0bc249","0.000000000000000109","No"
"0x104db84171ec5da4cfaecd2490f57dbfaff540c7","0.000000000000000109","No"
"0xe14ea790b0e5e42d295f681821c8824d213badd9","0.000000000000000106","No"
"0xd9d6632eb65de10bd7f29e90b90d368b41e8b3dc","0.000000000000000106","No"
"0x1c726d2dbc8f55d275e950306de5fa61da335a89","0.000000000000000106","No"
"0x66e96319a334e8f95983a9260b77d6eee8d472cd","0.000000000000000105","No"
"0xc05f19926bec6e2c7648d93b1343aafffadae479","0.000000000000000104","No"
"0xc1676bd87a19b10b92950bba52abf07b35a379b7","0.000000000000000103","No"
"0x31effd3e8161328bda70c2857cb0cb2fa1c05f9e","0.000000000000000103","No"
"0x5e927dc1882787addc8d757cfa78b0fc15b09572","0.000000000000000102","No"
"0x1d58328205429d39ce21a13dcd3feb73180c9b20","0.000000000000000102","No"
"0x03104c9661f97a1a882a797964f46d968d518126","0.000000000000000102","No"
"0xa3f767dc4c028bdc9a6a59cdac1388666fac7fd4","0.000000000000000101","No"
"0xa79c5621e0c85587068f8e91d3d15488df6c3c1c","0.0000000000000001","No"
"0x6f3607c227b2470db1daef4fcb35414facba5739","0.000000000000000097","No"
"0x6e6cea0e277d9cfcef9094c5c8713bb52ed600e0","0.000000000000000096","No"
"0xc173694a0ab63b69059d6b12e27c36ee25eb8be8","0.000000000000000094","No"
"0xf551ed4e4764e3f1abbd6a5567a0adf415657a27","0.000000000000000093","No"
"0x24561da338b34f2c5ef49c4f0f0a98c66bb60460","0.000000000000000092","No"
"0x9bd44eefb1ee86fea7e51dc7e53f9b332c65328e","0.000000000000000091","No"
"0x7e1b5236baf7e6ba503601c932fdaedcbbbe71ae","0.000000000000000091","No"
"0x9e3f3e6169f535db8dca38b4d2a11b7a4bb77578","0.000000000000000089","No"
"0xf7bd45a640e9adaa9fd38f45ef157ee6248b960a","0.000000000000000087","No"
"0xcec176e7841b5634f5450c7e67321ee8d1945ea1","0.000000000000000087","No"
"0x88950262f6e18c2fa338a41cfba5a7998f5ec87e","0.000000000000000087","No"
"0xeeb2d1a365cd088774431492011cee237d4cd7d9","0.000000000000000086","No"
"0xee196a52820867c80852e2cbdffbb371d37f7c37","0.000000000000000086","No"
"0x9caa41bbdd76d907305fc86f42fbecd61d7ae1b0","0.000000000000000086","No"
"0x785037cddbf4caee7442e3506cc7f5e20d6e8afa","0.000000000000000086","No"
"0xeaa5788ac288433ed76229b657a07bd57e85fb23","0.000000000000000085","No"
"0x6c72d008c37eba7295d878f57faff902eb7b21df","0.000000000000000084","No"
"0xe8b482f29685190cab4b9949d3525b61eeb7824a","0.000000000000000083","No"
"0xd05551aed88f03c5becb1687f9d110d78fe4c124","0.000000000000000083","No"
"0xee32d08e674dbc7ed9547f02e39da62a4689e7b5","0.000000000000000082","No"
"0x91d8509c2eced4b89c8bcbe8ef59788ded681d7a","0.000000000000000082","No"
"0x46dc9752e8b2de1b2620400be682eb90d63a2d57","0.000000000000000081","No"
"0xff08f103a63a653d518bd9f8a837b795c6f110c3","0.00000000000000008","No"
"0xc2a064b6cb23398b5095157c45cc9750da3c93ca","0.00000000000000008","No"
"0x22c4c5b915c43113448abed70b717067cda55009","0.00000000000000008","No"
"0x03173ca0992db013cc6ceca7eb7b789bf89800cf","0.00000000000000008","No"
"0xc25d0a0fce461d0d998c706831f27a02a6abba74","0.000000000000000079","No"
"0x7f2c9964ab8f042f48068203e6666ae7c6a99b57","0.000000000000000079","No"
"0x7b216362249e997c812d758f307b77d898613247","0.000000000000000078","No"
"0xaae00f2a452cba07c41a4cefba2850b2a82a99ca","0.000000000000000077","No"
"0x5d8db45344335b2d76ca262b76601daa818d056b","0.000000000000000076","No"
"0xb727f5cef641b06d8bb44efb1458d83920a6c7c4","0.000000000000000075","No"
"0xa888ee70b4077516dcb6ff4f6157fe37b6a3af40","0.000000000000000075","No"
"0x79a96df53d2d1b76c7b658c3e0e94bb30639befb","0.000000000000000075","No"
"0xcbef1d14811ba966abc30104984396b370084d47","0.000000000000000074","No"
"0x1d1008e70f295e995cf6111280b669c72d8d843c","0.000000000000000072","No"
"0x15dfd66c95ab57e954b0254f9bd3478d0d16a081","0.00000000000000007","No"
"0x39190a445eb3389769594b84d729cf00c2aeee03","0.000000000000000069","No"
"0xf98b3aefac3af24c5a98cba3ae1c40da6b713c01","0.000000000000000067","No"
"0x57c2b8c2c0c08ed662cf161a2e6ff6dffbdf446f","0.000000000000000067","No"
"0x2a0c7e44b3a706c15ac83cb53d1d6a3c77dcb450","0.000000000000000067","No"
"0x2425c5e89794e0c30c602617c01488398a3f5d8b","0.000000000000000067","No"
"0x1ccf40ed1d314d6e413aa975f22671fea8ff06e9","0.000000000000000066","No"
"0x570aebce39a3d4049165f8705170ed61ee356907","0.000000000000000066","No"
"0xa003b39e29b83e562e653c2257aae4abe7d6e6b2","0.000000000000000065","No"
"0x998a7427158b1a45d03837a21a356e7fef0a77a3","0.000000000000000065","No"
"0x95c127ba6f48e9e4b320076e7dbbe4da2b09ae7d","0.000000000000000065","No"
"0x8a7190b2db6fe5e6551180ddec53ae138bb401bc","0.000000000000000065","No"
"0x275da555121dab14d6006f454ed3c0e237788836","0.000000000000000065","No"
"0x42d66d078694e0a6c65b1089bcb7dfce09830b7e","0.000000000000000064","No"
"0x3d9c97137449951f69cbe6a9ccac6121274a89fe","0.000000000000000064","No"
"0x19347527cf1cef2d19d423ae2b5ed2a3a1a72367","0.000000000000000064","No"
"0x6c678d30121cd037f77aa1aa805f64d0ad97deec","0.000000000000000063","No"
"0x4671ec3ba5534bd63c1a30bfb72e98af0031289c","0.000000000000000063","No"
"0xb595d7b47c51d73217748c3b1ee26ceba58c90b1","0.000000000000000063","No"
"0x76ea74aeccff25e0d9da1b15a877a96af5ce10de","0.000000000000000062","No"
"0x2ba8288d3a55ff440923c8cdd4e246747f668b72","0.000000000000000062","No"
"0x12e5ba5527e1c740ec6b914aed6bf78610508144","0.000000000000000061","No"
"0xf53fb345b95a775f45e10c69f083084b060c8884","0.00000000000000006","No"
"0xf4e6232d2f86bd3399d956b3892d6b1893e1e06e","0.00000000000000006","No"
"0x9b8dfe93370ed26315f5cc76c53e91a49faffcb8","0.00000000000000006","No"
"0xe78b4b5f420e1bc5f9c7bb9fd4ee0cb585e14f8a","0.00000000000000006","No"
"0x59b9d35f67fe1fbb993c3f1d6528469bb3aef98b","0.000000000000000059","No"
"0x5863975d83dc3c968f515c1542d4e77fe289bba3","0.000000000000000059","No"
"0x77aa5a2d41793ed468da93832724159cfaa1f0a9","0.000000000000000057","No"
"0x441ee2db84ddf22eb9830c49b4124bbeb28c0579","0.000000000000000057","No"
"0x7bff6fc88f9d621cf79c00f04525ee5aeb9b40c5","0.000000000000000056","No"
"0x7bc26a55cb47f4625d33c299ea0d35e69e9249d6","0.000000000000000056","No"
"0x639f17de033013e19b298bbd94b3731e16f5ad7d","0.000000000000000056","No"
"0xc4a255d0a44b266327bb85cdf96c96e2c4f26071","0.000000000000000055","No"
"0x3045f39ada0453c66c7004b86d392c5cb3d3a80c","0.000000000000000055","No"
"0x839e220d304edf42199b4cae96ef32db8c6a2124","0.000000000000000054","No"
"0xa0bafc7f0a066dd8ed89cf29d90b3032c91b851a","0.000000000000000053","No"
"0x48e0ca799cc8945b1547fba6ba53081b166e5cdf","0.000000000000000053","No"
"0x5b27989f6a8d676123de93a76ec8cef300a89857","0.000000000000000051","No"
"0xda444e64a4dfba78d470e7bfd856e941c2eeb968","0.00000000000000005","No"
"0xd9cbf8838ecf8c1305f32402adf9ee6aa1e3551f","0.000000000000000049","No"
"0xadf75da77417e0b9e7ffa0fe6d8e9414e8baa685","0.000000000000000049","No"
"0x937632a4bdfa7631d5dc61ca036f494d1a5d5424","0.000000000000000049","No"
"0xe0a611b8fc2d873f6b271cb1de07c0c9eaae509b","0.000000000000000048","No"
"0xd7e5be843e2fbef77167ce36a5fd559491caca02","0.000000000000000048","No"
"0x846b29a047bbae492f37cc61fe5968bc38531bd5","0.000000000000000047","No"
"0x37d59d57503abc4ef53f9ad3c3fecd386feeea12","0.000000000000000047","No"
"0x009a58233c67a9bc54dd687cb6798e07ef25e5d4","0.000000000000000047","No"
"0xf3bcd9d887f6f951b74ee2dbfe41ba65b325dc55","0.000000000000000046","No"
"0xb624efc09bee8e00b8b3a0c7b063a5a7cbe6fa13","0.000000000000000045","No"
"0xffab9013b5c9decfed7d0285bf2698b3ea9db352","0.000000000000000044","No"
"0x78bccd5d99c37c74e5b820a3a1627aaee7871567","0.000000000000000044","No"
"0x38d01bd06465ff03ed74ffb314fe2e878d8bb3da","0.000000000000000044","No"
"0xf3acd997e1fd31daa207aeb8701832c6d998e72e","0.000000000000000043","No"
"0xbdbaafe12313ca57b11e8c759579365e69a05a7e","0.000000000000000043","No"
"0xa21392dd4b12cb543fb6d1e4e8759b3ac6e55169","0.000000000000000042","No"
"0x48fb8b4bab194b74cb8af3f97f2df059e534bfdb","0.000000000000000041","No"
"0x550fb4e0f8c47e851be2631831692277eef5c79c","0.00000000000000004","No"
"0x38f5e9fb0c5fede3f6e7d74f18d4dcd00e55a265","0.00000000000000004","No"
"0xf65f1ec6a0133e8fce4f54b1da8ea7f0cdf7511e","0.00000000000000004","No"
"0x87e10ab4eee0dd552b78e6456e8d1718c2673bff","0.000000000000000039","No"
"0x2b6b19ebcbbe7cd807d736e7fb2fb4012d657748","0.000000000000000039","No"
"0xcc18ed18c174624b338a2dbd4bee2ca5a4a89c43","0.000000000000000038","No"
"0xc73f98c8f5f0e55d3488e3aea307f662aebb3084","0.000000000000000038","No"
"0x7f677cff258702ddb349d227e46991d5a3277b4d","0.000000000000000036","No"
"0x802bc4012b32e7c6bfc65c446a3e04e7bbfbdad0","0.000000000000000035","No"
"0x52125738a4ac48f5a620756e6c63dee6aa021562","0.000000000000000035","No"
"0x262ef0104584751eac65d396329e185c5a06933b","0.000000000000000034","No"
"0x79c1e502c1e02e37ad0e40fe7758e8e66aa2a5d9","0.000000000000000033","No"
"0x18ce46a3407dc84f6eb65e7e151add1c9f5a8a2e","0.000000000000000033","No"
"0xcc93ba13a7d488d2514e0012bb82cb9f05938295","0.000000000000000031","No"
"0xc5681832099869b7e612bfa8575f1c0ddd25633c","0.000000000000000031","No"
"0x2c2fa8a0b0aa01169d1f7e2dc70829572c263d58","0.000000000000000031","No"
"0xef83c1a3a9adc981a1c68768ed0d66a21bcb4f97","0.00000000000000003","No"
"0xb8914523b3243fb3bf041561ccc2fa2e535e69ac","0.00000000000000003","No"
"0xace17cf9b49439d9c5fa3677fef9b90d71320846","0.00000000000000003","No"
"0x70cef839b774c5f0341b2881344160b6dd81ca4d","0.00000000000000003","No"
"0x14af1478455c4581ea8c0e005dd55db79fad2531","0.00000000000000003","No"
"0x014d6f2f8854f428d6e5a9e7c92e200c59c70389","0.00000000000000003","No"
"0xb5dfce924062687f6a57996a680a823fde8022ca","0.000000000000000029","No"
"0x2f1aaa710f70da9b34c0785a315fdd59f36d0021","0.000000000000000029","No"
"0x6b923579e09c4f46a51937994372c2afc673d6f6","0.000000000000000029","No"
"0xf62a8e42dbb2696544f92c338840ad6f94fdb4e3","0.000000000000000028","No"
"0x5731d22f768f4b0687987e7ed239bb05d5bb07f2","0.000000000000000028","No"
"0x515edc0327c77cdb7758a14fccaa9abbc069b4c3","0.000000000000000028","No"
"0x442d577869ce92e83a9196a7ad665dee2c0d31a5","0.000000000000000028","No"
"0x416e6652922c5a269d248fe459465cd76b635cb8","0.000000000000000027","No"
"0x3596bd2e7aeb9b8e412ce03733ebbee92d78a85f","0.000000000000000027","No"
"0xbfb2a850ebe9fdff7144b582ea69bc055be2bf31","0.000000000000000026","No"
"0x78545e9b3de53e8bdd7da0b89f7b9491575e9ddb","0.000000000000000026","No"
"0x67b2167102dd09212525baf304c23b982706cb61","0.000000000000000026","No"
"0x505f174b6f7a350f72c2c81e5a1cfd74038954ad","0.000000000000000026","No"
"0xe8063e0fbe1f1776c1ca8228d5b15f03f992d5a9","0.000000000000000025","No"
"0xc4b3f4f8b84501fde7d7073ec22bf6f7be400d94","0.000000000000000025","No"
"0xb280f403e7a0d09d2a1a6af445b5e0f0acebd319","0.000000000000000025","No"
"0x81762e633e2ff343422e65a5d67ec6ace60bbe65","0.000000000000000025","No"
"0xf96a2fd9cb059bbb9e8ad1d57db80cbbaca78d43","0.000000000000000024","No"
"0xf95c27a51f2e340d52e8a3c428cd6e290f51ca00","0.000000000000000024","No"
"0xf7350107561d770b0f58807b90cc76b97f9abfb0","0.000000000000000024","No"
"0x9ebbd1fabe12bd6edb0aa23f6292780b7b2e20bb","0.000000000000000024","No"
"0x325409632bccffac706d378a2eca57cafa21ab11","0.000000000000000024","No"
"0x18c885a97ed862e7ee97e250407596d3d64a8fb3","0.000000000000000024","No"
"0xc7d02bf9379c5f715ffed76d2fab5950b1c62005","0.000000000000000024","No"
"0xd58044b8a22f008235dab9779871e0ca348fb950","0.000000000000000023","No"
"0x5fa306a904a171f7a64a7d9747c08e90cd25bde1","0.000000000000000023","No"
"0xee449828acb458d703112fb3337fcfaeaf9b6dcd","0.000000000000000022","No"
"0xee1cd2cd8906a5e03b879fd1a05e9d08e592125c","0.000000000000000022","No"
"0xcb4032379caf07bc41c7cf2a10763f99a170c2ed","0.000000000000000022","No"
"0xba515cd1718cdd299222832cd1aaf3a3b57a8130","0.000000000000000022","No"
"0x5446ee1686aa82a0a5f9c300173244fa5ee087a7","0.000000000000000022","No"
"0x39be5407f1556fbd9d95975774e9388fbbaff25f","0.000000000000000022","No"
"0xebb7a04fe816d93214a2630b03467a3c14a1f7ed","0.000000000000000021","No"
"0xe608582ee087fb1eb30bd765394e3198193428d9","0.000000000000000021","No"
"0x62872e11ec5bf43caf285ee6bf735dd8466c9680","0.000000000000000021","No"
"0xfcc47d929ea812f361a5dbc7a8f2d6a81aa4c569","0.00000000000000002","No"
"0xd9b35bc142efb6fd9730c2ca4b40ed73efee9507","0.00000000000000002","No"
"0xd60bfd8638303726d692fd6fa315d6d71d7e3e3b","0.00000000000000002","No"
"0xba8030904ba8b5cc3b91e4d414952dfb9340659b","0.00000000000000002","No"
"0xb1ce560618e7d983c4e5af9689c8248b0dc3ae92","0.00000000000000002","No"
"0x65062a6505af01aca34cb2c1955687c7b7af76a9","0.00000000000000002","No"
"0x0d7b150787f7a7745c30676035dd44911416fb2d","0.00000000000000002","No"
"0x66e14a0e013b745ae137e4724819c5b68b82f001","0.000000000000000019","No"
"0x034ea2c4f55ae1c613ce1dc6ae231bac1b1ab10b","0.000000000000000019","No"
"0xbc34cb7c23cf90508464d37eac241613e4487edf","0.000000000000000018","No"
"0x971c976054555391c6beebc9a7a61103499bc345","0.000000000000000018","No"
"0x937891c0bf2046ad1574f7b7d8b7be7918f4f35d","0.000000000000000018","No"
"0x824b4eec1c712394f40f220b504e4fb4eac58c5c","0.000000000000000018","No"
"0x0dc3bea115678a05286b30c9b708aa72d80b208b","0.000000000000000018","No"
"0xcc93ea88d342623d62e073e35f9d7b805e8a0af2","0.000000000000000017","No"
"0x810319d001114edde6af23a643584bc343106e08","0.000000000000000017","No"
"0x50d557896e8dbb55d50c70e99200177d664f4481","0.000000000000000017","No"
"0xe5ae5aac9a19ec43abdd161e95640a1cc12ae348","0.000000000000000016","No"
"0xe3813cf52f2cfae073bcd83728cd48469baeed08","0.000000000000000016","No"
"0xddf38adac8fbe4662274947fa80ac1c48f55bafc","0.000000000000000016","No"
"0xd4812574514b388eb3ebfba1545cd323872c2156","0.000000000000000016","No"
"0xa944f209670fe143de543d481750650a68bc6916","0.000000000000000016","No"
"0x4062e5a55afde206b1dd20f0383b79c47f813387","0.000000000000000016","No"
"0x255ac930e2b7575590f58210adbc2aaf8d511f6d","0.000000000000000016","No"
"0x6a1b6dfef6f24f094f426a1b75dd2605d8e2a556","0.000000000000000015","No"
"0x413d8151e727d24f0481a55a1a10e182d69c53fa","0.000000000000000015","No"
"0xaaca474a0f567c9628ebf52536d73cb7bbe1ed0c","0.000000000000000014","No"
"0x4a0983602142b0ace6db4a2901a86804dc865659","0.000000000000000014","No"
"0x4576abe719c6626cae0c794a142cb3ce7edb4843","0.000000000000000014","No"
"0x3945a5c71fac4d686d0aa3c63b86fe11b8d5a476","0.000000000000000014","No"
"0xe94e4d017e82f57c776e0a33af3eef8b0a479416","0.000000000000000013","No"
"0x6328119e35d87ab280ed2e78032f446a65efc9bc","0.000000000000000013","No"
"0x4328ed031d6a750ff278bd80b01a9045fae4be38","0.000000000000000013","No"
"0x431ca0f13c64c302c554d3756ce7399ea18c1183","0.000000000000000013","No"
"0x10f21ee9c9ff00ff16bfd51c941a36a999634b9f","0.000000000000000013","No"
"0x975d7b9752f47f8a592fb9e540038d7653cbba5f","0.000000000000000013","No"
"0x73913cc0481a59706d1f6183a8a66efd930ee2da","0.000000000000000012","No"
"0x69a07d98b081810df86ab12456e436f0b9d57439","0.000000000000000012","No"
"0x2d645c63c75b5e36252d5d9ab502b1352d045369","0.000000000000000012","No"
"0xc98651e36230d55639660303e117f143051fa8be","0.000000000000000011","No"
"0xa5372f72cd7c1a64bc7af1caa21195b35eba5e89","0.000000000000000011","No"
"0x730c330d8bd80199fae31007fd51f32cc4f16293","0.000000000000000011","No"
"0x72d8b0c06aba185b6fa872fdaa1a4818629e8464","0.000000000000000011","No"
"0x60dec93edc9e9678267e695b8f894643be968f2e","0.000000000000000011","No"
"0x17e2d9784f10261605151ea74122a2f1c7b77a2e","0.000000000000000011","No"
"0x011b8a1c8844db0806cdeca2eff37fc725de71be","0.000000000000000011","No"
"0xe1c17fc2e3c2befc09d51ebf975c1c8b5c63ced5","0.00000000000000001","No"
"0xbd60ee46e017301f17b7d1233a5c93d5247adbe6","0.00000000000000001","No"
"0xa8271f5611167969af8c937805e5dcae61017912","0.00000000000000001","No"
"0xa311695c08c887b74f2fc549b6c09c9aa41096c7","0.00000000000000001","No"
"0x9cc664c5cf38977e9a3cb6f4b3ea13739b3a6567","0.00000000000000001","No"
"0x8f8ddd94d1a27d4f69b6f51249929829951e24db","0.00000000000000001","No"
"0x541edba701338095ec810b0c2b5dba871d180594","0.00000000000000001","No"
"0x0168459886bd2aa322c18ed0b209887095afcacb","0.00000000000000001","No"
"0x6611c7a5a6b094f4112822d4173136540042cdab","0.000000000000000009","No"
"0x65f23095ea8afd9e6a9cb793da83c078af3086af","0.000000000000000009","No"
"0x2810cfb08161643f72387086ffc345136804ad86","0.000000000000000009","No"
"0xbabf8480349dab3840c8040db80c42cd456dea85","0.000000000000000008","No"
"0xa3075c4b90bbb66548f4eed3784a283cac569479","0.000000000000000008","No"
"0x5db5ca78eb35897d24c2febba1a23f8af5562c9e","0.000000000000000008","No"
"0x2f1772ed5ff9d2ea46b83cd97e3adf311dd92870","0.000000000000000008","No"
"0xfb61f642af3d00547e0d0577270d78e8512086d2","0.000000000000000007","No"
"0xd120ad5c9113103b5ad32cd27515966aff5b49ff","0.000000000000000007","No"
"0xd0074bce7cbc39621c51aca5c10d1d28d266b826","0.000000000000000007","No"
"0xa2881aa9fbda1243926fe1935299404b395e4ace","0.000000000000000007","No"
"0x908d8d559a6fb979e3c3221039e5b8c3c5c2e91a","0.000000000000000007","No"
"0x8a8cf90cf929eddb28095dcd2e1c5bbc2d26843b","0.000000000000000007","No"
"0x7d4a00f39e3818db4f149e903f973f04d9931521","0.000000000000000007","No"
"0x71fad3357c786312d7a2e65623c592d434f3c9ef","0.000000000000000007","No"
"0x6d1aa2f811da732d2151653c165ac8d019c5ef6d","0.000000000000000007","No"
"0x55d6ec01e638e3e8d7fcf151cb83d0cc2c05c129","0.000000000000000007","No"
"0x2811902d2492a81bdf4e9a97d49f08660a09c884","0.000000000000000007","No"
"0x1ac01d639991044c32efeb1ce678f334756445a5","0.000000000000000007","No"
"0x191c3e721820546bd487b6a2bf370e85f6cd1503","0.000000000000000007","No"
"0x1876098bbee6a857cdca1f8b3f034c0061e94144","0.000000000000000007","No"
"0xfd366190903587044833b3b2810cbee0e45304e3","0.000000000000000006","No"
"0xec5a44cee773d04d0eff4092b86838d5cd77ec4e","0.000000000000000006","No"
"0xc9614b062e83823378178d1d18ee8c791e3089ac","0.000000000000000006","No"
"0xb3d7ee43673819744200e75d57b285513b740450","0.000000000000000006","No"
"0xae7e4b5e3866bcc17dca3b03c6140871a7197a5b","0.000000000000000006","No"
"0x812808d12a21446e271ff39c6a717c083754194a","0.000000000000000006","No"
"0x7e018557fb0c6a7e11046586e21dc24ceb04dbe7","0.000000000000000006","No"
"0x2ffa7e9624b923fa811d9b9995aa34b715db1945","0.000000000000000006","No"
"0x2799351f8820b9535fdbbcda38b693907b3a5621","0.000000000000000006","No"
"0x22a678bd0fee566b56574dbe9568c2681c7695fe","0.000000000000000006","No"
"0x0e52c9247bf97528d8003eb4a112bcf160fb15d0","0.000000000000000006","No"
"0xc4fe677391aa8253801a085860a3991599d94796","0.000000000000000006","No"
"0xfd8426ad0d5eafe55e69a946c7fa4e462d075027","0.000000000000000005","No"
"0xf65a8d44c6ec9823ff7be42b3cac3b457ae8d520","0.000000000000000005","No"
"0xeae3163f0da3896bb60a314703bf322e7bd535ea","0.000000000000000005","No"
"0xe029a1301dcdb627c84f383d6f2cbee2d9bcc320","0.000000000000000005","No"
"0xdde3f0155480962b086e966d5b4dc0e72be0f13a","0.000000000000000005","No"
"0xc9c6ea8f22142113ed8f399f7cc8d69895b3bced","0.000000000000000005","No"
"0x9ffa607c8919742e6bd2c3b4444ab90dcebbff2d","0.000000000000000005","No"
"0x92678a252ec6de017b4743152dd9cc25a683872d","0.000000000000000005","No"
"0x6755b63ea70455b6efff1d2be72f06549c264112","0.000000000000000005","No"
"0x3b76fbc3e1c44eb8ecf4b711ced5160042dba80c","0.000000000000000005","No"
"0x322eb323bf6c79f0bc2f74f1ea1d1c7cda009b34","0.000000000000000005","No"
"0x17f399b82f488d2ed876239853b94c4022e6c4af","0.000000000000000005","No"
"0x0218013674783d93481df3ce095fb512f8daf888","0.000000000000000005","No"
"0xec263e2af55e11276a295cb85b45944c185fa5c1","0.000000000000000005","No"
"0xd04ddbba81cfae676b0a3d802af9356d2aa109d5","0.000000000000000004","No"
"0x9b7091fa411478af7652641ecc0b851b2faf630e","0.000000000000000004","No"
"0x8075df8a555048bff338b04e7af5de5ee9565f73","0.000000000000000004","No"
"0x3349a091e9e4f49da99e69e2b62d82a892796ccd","0.000000000000000004","No"
"0x2da1ef069631cf020a14f76d791a61e7065531b8","0.000000000000000004","No"
"0x1c79d9007157b16b88d329c27d387298dcb56c28","0.000000000000000004","No"
"0xf7c1e17e2e98f69a5e7e2b7fd5332360fffc7699","0.000000000000000003","No"
"0xedd22f548db5057a73d46c0e19b19f9d5583d100","0.000000000000000003","No"
"0xe90b9ff8b0c4dc367f0fac82181d52b19d1b3541","0.000000000000000003","No"
"0xe1bef477be5363951345497b4dc893d67ea05e16","0.000000000000000003","No"
"0xc284d843683d18dc7a6d9089d79fc1d434104402","0.000000000000000003","No"
"0xacb60d3220c50532f3f00a86ef6fe69326183c0b","0.000000000000000003","No"
"0xa2877367c803246e3009153d7a0de8c12d02787f","0.000000000000000003","No"
"0x9be4b8142867e833c5f4f2c5a25fd7ba100ac042","0.000000000000000003","No"
"0x8beaa7e9e21ba1e1aaee64db1cf6ac09c4169aae","0.000000000000000003","No"
"0x75e4c0ffb05c07798e22605b607e2c8717a1e885","0.000000000000000003","No"
"0x59feb606129152bdc416e4d60e32af17becdc6ed","0.000000000000000003","No"
"0x584918c2ed491fffbc324f9d78b31d199c9ca22d","0.000000000000000003","No"
"0x43a996fa50d2f378d707aca9ddcde1c30cb68f63","0.000000000000000003","No"
"0x3333ec1db506cd130a198a15c7fb3db19e21dd9b","0.000000000000000003","No"
"0x172b5e7cd63d8446d740d6378d2a8fa518c2051f","0.000000000000000003","No"
"0x77b9dc4e88e97fb32ad5c028fcaec037fabcc8b0","0.000000000000000003","No"
"0xd56e10ebe95e33e4f3153d31b581ed3566455f3a","0.000000000000000002","No"
"0xcfb331ade6d66ad1cb6765a2dd51ad3aa9a1400e","0.000000000000000002","No"
"0xc67e4380f99781f7d26bbd9e4bdf8deb56a105a4","0.000000000000000002","No"
"0xb52a6f4e23f4a855ea822e3f1aa9634175e1f417","0.000000000000000002","No"
"0xa61fe8d5d91e83948e4c66c87938f7c52602470e","0.000000000000000002","No"
"0x9913db17868fc3f198bb9060ca3544eeccf42816","0.000000000000000002","No"
"0x9269010685c6cd5fea9d95fc118e10fe2ab43199","0.000000000000000002","No"
"0x8efa2420267ba787ea0f3e20d256dccbbcfae175","0.000000000000000002","No"
"0x8c2e2d21ccd3989bec5c3703e313b531d63636b6","0.000000000000000002","No"
"0x80c86cceef7e574143a9a2ee322118a28aeafb23","0.000000000000000002","No"
"0x6e8109ea2613f7a667b1765adaf8d588e1138dab","0.000000000000000002","No"
"0x5e23686820305d93cec2be1a19cc756321bb390e","0.000000000000000002","No"
"0x36b20a3000b612121ddd7263c5a53319e567b3dc","0.000000000000000002","No"
"0x2eaec26aea6be4eecc11b51c526bbe508eeac133","0.000000000000000002","No"
"0x2c2f6ce7722a7bcee1c120043958cf38190fd8d9","0.000000000000000002","No"
"0x2a475d696a131567caf27ebdde7025f2913a97d3","0.000000000000000002","No"
"0x1e27c17432abff8e314b421be50c63a42d3e95e0","0.000000000000000002","No"
"0x182fcf35d9065375c0c74fccb13dffe912ca83b3","0.000000000000000002","No"
"0x15066d6c882e63b33e12179de4fcecdfca93de1d","0.000000000000000002","No"
"0x11fe613a3a9f2e58d553fa07726086693f3eecc5","0.000000000000000002","No"
"0x0e938f234cff703624a24770a18094cd71e2b37b","0.000000000000000002","No"
"0x0c7207016e62ca62503d0938ca4aab5b479e6df3","0.000000000000000002","No"
"0x02c8afc79e5bf0c6151e0027f91a5ac958bf5338","0.000000000000000002","No"
"0xfb6d2fba0eca3d0df8fd8df7f5a2b69fc1274c54","0.000000000000000001","No"
"0xf7b7ce52a2b57141a3118f8ad64c009e52c53bcb","0.000000000000000001","No"
"0xeede2b980bbe143f17b14a1f355a63a7ee82d0e4","0.000000000000000001","No"
"0xdbd6084b88667fcd5bb71c4dd238743f84b2bb6d","0.000000000000000001","No"
"0xd87ddc75bfda0585362c2feab12eb774aaf2430d","0.000000000000000001","No"
"0xd45878a3a0455f9e5a735b205284f9a00a88efcb","0.000000000000000001","No"
"0xcea5bcdd45b8f9f5d6c245f4001097d952006e8c","0.000000000000000001","No"
"0xa6e26fb8a6155083eac4ce6009933224a727dffc","0.000000000000000001","No"
"0xa3b1ae895b114ee3004c2b9ed54574791b07097a","0.000000000000000001","No"
"0x9f119dac60b9f1bdb1916400382b7ebfd2f4a030","0.000000000000000001","No"
"0x92ce52c91324ab4476f4a13d2bec621932389bab","0.000000000000000001","No"
"0x8aba19a6a144342d25ba4259db74190cfd0b467a","0.000000000000000001","No"
"0x834cd95fb7fcb89bf4030c606d9b6732ed33279a","0.000000000000000001","No"
"0x82845f120dcc9d1af5d64209577eb02abcaeba40","0.000000000000000001","No"
"0x803cbfdf9eaea2bbd367359d359d6c963334a154","0.000000000000000001","No"
"0x7ce4f68568e52fdbfdd5c9fb4c91f77d627c6d61","0.000000000000000001","No"
"0x6947fdba6ee593539c5979d3dc67bee0f178c5fe","0.000000000000000001","No"
"0x50f2488a96692fa6f8989fa016d357ec1ef4624d","0.000000000000000001","No"
"0x4ea910bae54ed1c4cb1869b153420cb84c95d7b9","0.000000000000000001","No"
"0x48b576c87e788a762d6f95a456f2a39113b46950","0.000000000000000001","No"
"0x2a76af5288b727f27a63080ccacaabefea8584c7","0.000000000000000001","No"
"0x23b2a8dd3c929b75b4007ca7e1b1b1c4378724cb","0.000000000000000001","No"
"0x21c6c4199388ccc9affac86b5f8708b69e5aaf05","0.000000000000000001","No"
"0x1da8cd9e93f10f7a0d1cfd3d2086d4b5dd034124","0.000000000000000001","No"
"0x1baff3c6ae3ad2c0252c198d8404bd9e68886658","0.000000000000000001","No"
"0x19d560b28761f1391645de72ebdb56984346e660","0.000000000000000001","No"
"0x0ce7e25521a20e273d9da99a98d7dd5f6dbc99a8","0.000000000000000001","No"
"0x07bdc7630bf63439ee4080a684651650c7966155","0.000000000000000001","No"
"0xeb6d50f0958cff8ed1b4dc99f91691b38ab44cdf","0.000000000000000001","No"
