HolderAddress,Balance
0x68D8108f6FB797e7eb0C8d9524ba08D98BF27Bcb,1309566824055
0x9c972D06EcEee9DC08e2d295742D2045F8e54Fa2,766158881370
0x91Eb12839003631e3a1550f0b4B59148bE822dcA,424484708549
0x86133C621ae2561e3C5B7C9ddBD6eCc12086b271,402022093632
0x6E5866Ca7787b95E1B00A93D7CA03ba06A481580,180000050040
0x7C5288cc13A8e3b8c14fc51d1dcda3ea6ef3FDc1,174538351958
0x8FDe1E8367864e315B33542CC90E1d202c629E46,163489511502
0xaF2a082188aD55993c0FBF1e067c01F27Cc69E1d,149999351467
0x56c58aAFb575ae49D0CF89687D5CfA099BfAdCB6,140666951098
0x01602440213D10820B775a9E23ec840fC8725048,116408210230
0xa79C5621e0C85587068F8e91D3D15488DF6C3c1c,100561639469
0x850AafBDCf42BD7AFA6E0d300F9dF44447945F6f,100000105694
0x5559f138Ae7ad7743CE075a0D66e1b46cA89Cc0a,72768696650
0x4a62536198a234722f11Bc5BfE4367785489D65f,71082295472
0x8c484dc7B854a60695907B83ba0b63a24B5c8887,70000352205
0xcd93c05BA4b2a345106bdDe15B23b100E80F9996,69525823049
0xbda2AD692094B0818a62C8e822Fb04fF67396BaF,68859627684
0x7179e64bD29Cec532308cC9D00Ad4Bd419064a84,63574379606
0x8906B2b1A2bDc52DbAf8939a7F6017FDD178bA69,59953237268
0xf3f6b62940e68a49964f2556Fe5094031feF642d,59201509844
0xdA731BB54d40E9cb389b094Be994eD21CF529150,51708723058
0xb591F8BAe0a83D1B339D9fDCd0EEdDA49610fb6D,51086958021
0x5047AA08a7411E3FdB32d8C57C83D8B40003cBff,50253410800
0xc384F112b84F751bDDc66a4191c27E2b3992226B,45473641385
0x65b75050255BD57a8Bd155F85b91B403C6AA1ee0,44458115968
0x24665E692610A4808377b22A2a3597Dbf472E5E3,41550333746
0x5C120c427aADD217Dbc747CfB960Cae4a20C9127,37192378794
0xB2467f226e693637DeC05388c3D2b1ec448FB192,36060603770
0x98D1A5a125B6b2d758028288287E775EED23a449,32664269446
0x4FD3058eB1834aa48097E66C27eaD05B7F9D015b,32125898537
0x5f76F0D922912a5A1c36254eC087fA94D2925813,31223322188
0x020F64F264ab7e90Ef24a108C379a796a82175dF,30060173793
0xDeEA7465ba904B61b27Ef1FabC6B2Ba691F173B7,28869619695
0xbF0507E155151121B186998db92a48a422756B78,28487408351
0x497EecF3d54601f71DD776eCb1617C88fF63eD06,25000011188
0x72B3b0643822b610AC382975cF2C961D9172A12D,24209047141
0x4CdEEF2B18F93da81705B3AbBEEcCFbD0ae64845,23694024626
0xbDaeE0EDCC7d3F159325c29f7ca2cd3e50967c93,23313792500
0x7A3B5F685B65e36fa64975fE039090Bd50Ff1027,20899194461
0x7F2FCcaf717128Bdf5eFaBd67a8ea9a812D5813e,20574971523
0x6F27f4a743e81D10F081Aa4E41Bd8b341372f681,20069925135
0x6D3Ee34A020e7565e78540C74300218104C8e4a9,20000876194
0xec76D5162BF832F12831Ab118F5dbB58419d76c9,18984764959
0xde7704a4867Bd36C63Bd3171d434e340cF22A7a4,18073023945
0x48D86837194eFDF0c81a2b78bFD0FbE85B544a85,17731428316
0xc81C823C4Ad90a158b3753389A3eb8C743EC46f8,17354057028
0x276EC22119aedc41Eb91752AA463Dff68076D482,15931969901
0x23E69BF1ADA63B7EF0d7F453Fa64c61a257b72F1,15000021804
0x54B33FA0824155fe400a862731053d778C0319C2,10728359103
0x74d86E618b768928042484d7F58186858acdEdDA,10511388679
0xc099Bf8d42C103d988E36421dC9a9B413b8125BD,10459146941
0x398073f72cd86Ef626409FBD02f8cB31b4f8c636,10456544829
0xbacc3CC31Bfd472EA5438139D1b922e8F98FE6C2,10260886220
0x0c430B4F2D08b33321ccE26D0cF7547FA9aB1507,10235561799
0x1a07B24dD2db645C705da0547C669049F68b0c2B,10202283938
0xb727FeE36a2DC39a8B4C8c27b70FaFAdf6a47e95,10183028818
0xe9E75a42C37817c2E68d4DD170D6dB8e5860E706,10043818579
0x60B844945a62a4e7F6B9148e5C597e9dAdeC5aCb,10033803214
0x8Bf16200F52E41ec8875D8c9Cebe30722041CaEE,10012724023
0x864e1146643bf2619D344A21d47FfD5Fbea92F75,10010326264
0xAA597459bEc2c0fb5E46EcE0D88Ea1769c8CE124,9980000456
0x8D860cF135fd28d2E5654E7c7F8AB17314138Abf,9959003811
0xA30d34DbeA72f95B333904aDe11C7bC21CFD1e13,9649270372
0xA92162aDE375793230Fc8Dd53E1fBb554BFeb57C,9272269428
0xFF38F0680d0972066ba5D58C626463aa77D39148,8992113966
0x0a03C3B6CEdA829D61A55146e10c89fA7b9769FD,7726050342
0x2cd6cBf97CCFa8FddD49c614Cd8e3ce80131723C,7135848263
0x1b404D76C350cb46F060A4B974597872F348cB1A,7079499496
0x64C367FdE649D8977eC901Bc5EbD7970f517d908,7071748702
0x686CaB37F2ECC70c070288513C2d852E20031Fe7,7004324541
0xa716EC3f8B73A78E49E32030F03eFc836aA85715,6476170520
0x47861e43Bc32d56d9AB476C2e04560993Dce1CD9,5568980461
0x8A1eafcD0f14Dd5c64182DF7FD7e409D393A25BE,5531186933
0x41B5562a4A236aA29795D487baAD4aF1f50c9b4a,5431585042
0x86C467338C8eA7B8c1949B51Cd277934947b4880,5310264707
0xBa2e1899f5276f688253E8eA46E5B59A128A3859,5163185068
0xCeA5bcDd45b8f9F5D6c245f4001097d952006E8C,5135153438
0x59aC093738513De45a7CF2AA3F20239AD6F3D85D,5116533363
0x2803c2DF4cBFB581b03F5857EBC55c47F549D65A,5097961097
0x481c1473FADf8E63aD635221994Fe61cDA37526f,5083032011
0xC152Cd87af2b3774e93ed2ad2523c90C576db5fA,5000907229
0x463864A32e4Bb35eB1252EF0Fe215F177c05a514,5000006603
0x32AA67839A7f8B5440190a9af2A901afFCe45fe1,5000001208
0x50A354f9EDAa453D59FFe1F88096b3B8225E7afE,5000000583
0x885673c945Ea4Fb71006944C8a689E7deCDAe0a7,4941102910
0x6d7e6C82198015b01aFB4E157a99e3F220067a2C,4905945949
0x183a40522CB917243F0e9F12397B4263f8473159,4643166265
0x9649B48B2D6b381f2D370a6DE899F6a632AE49e0,4478699914
0x40E202d737d55c8ccd76FA7D48Ff2bBb071B2Bc1,4060584054
0xdC698758AC0468DF0981896a68F8f9017c6FCEC5,4000001021
0x1691c630C729A1cFb51b43c2B5483B27a895A5eB,3998386766
0x755045835783CF9C38A4F5043199A4b81e1cc798,3951036245
0x7E53502b0D6C1efC21689ECe63BBB3658DbeC274,3808296165
0x426a63fe8af365b16c01b9d395018a822d826E1B,3118119507
0x67E3DE6b1Ae6fA1eb5692beA9c9FB8dfEFa2ef67,3116306720
0x84C66Aa20b71C299E61f8B667C341f646Ff6d2E8,3000000062
0xdE622baAbcf55Bab0f970b44910B593ABF5137f8,2952611687
0xeB91f0aCeff51c3F0Ef60FaB3C64A706876f28aB,2831681837
0xDbC8a2e39d2f4a942cd827aDADF0f7C8268A7b2E,2825133066
0xF5a065b2Db155448B66229Eb4f92e35a3e041985,2721300755
0x2d83489Be94598B6318CED47eaEC684ff513FCce,2713018365
0x13e77925c3998aA8e845e84F1b71F2b8ecD1EE92,2687854824
0x7A698C4547f518EAEB49556DB858c3E425b388fb,2503062715
0x74331373cC4B88d88B82e7Cdf355295766b1C4A8,2490022045
0x17f399b82f488d2eD876239853b94c4022e6c4aF,2462863627
0x253967B0A840723A467dF624f0a2c022AfA9dd0d,2388197210
0x089FD7a9171b11eb30f4F6a32337CBD66AfAa83c,2289212201
0x5883Ef1414D389C1109F14f042486ec710852999,2195222538
0xeaD7D3594BAFe14dA64a4188b22d131d4e3489A7,2154221792
0x89F40A1778352D53049FBa211259aE161DB1a061,2147639656
0xCD2027F7D9F8e3527ECdfDDa353CABD9b5fe52c1,2097914714
0x0C51Ab153753FE9fC66be5c4a278314Cd7fe33CE,2001103039
0x9ACCAE40845818A0447A565baa8F089cECA31f7c,2000033837
0xB02772fBF7c77a6eaBD05D769AA045079F0dB1A3,2000000245
0xe1609Fb9d4342Ad9808C19A5e7fbc45d67A4A9e9,1998647687
0xFD599045A2B72e598bb7401bE13B2686a7a42263,1992535246
0x6315Ef9b2ea6B1d8df704c86c27Aa161Dd2dBeB3,1931975740
0x1ffF93c4689fb9DCEedd3C69cC6cAEFAD7Cf7713,1700000035
0xE8f20BF10d7820e3Bbc6364ce1CdF51b10ad2122,1578775905
0x3bc546f2aae355f29e19c7cE7A53f65fac51f421,1500002694
0xe70E1A13e5011033D5E981Af8763631CeDcE4946,1429530394
0x8d6f2c69476f858C002Acbe03922FCA6FeA5fE0f,1394615023
0xC9d0dcbc5b477345040585b387F2f35388Fb4Ace,1390970802
0x32caBE8e433DebA493a0b573a698127BdD80693B,1327112653
0xaBAE0493F1F39f9B9C5Ffa3521D603Fb8170abB8,1218444334
0x20F37c25c5d1C41c054F355169546F6BeCDF5751,1180445133
0x2EfEfC9792789734839C49578f2eAE2737f6C2DC,1141853335
0x3AE22662b9d97ea0c6b52F15f42A9384fb79f732,1114650917
0x5Ab8E8a5Ac6Ee75BDf3ae1E9Bb5E354232768053,1100683015
0x7f739CBF8dAC324a3F87BdaEb0ab58a2D09a0369,1100000012
0x7778246F84B3D171510778227C6DDf966A5a4F3F,1062964455
0x508BAee20854c6b0B001b278c62644a51A66Daba,1060267046
0xB97e9Fa617C5EF5cbB5e1aCeeB6d6E9Ce0f52aA1,1049762813
0xbd126Ce92C31c4FBe63E5B1D6bE468843FBb27eD,1034872551
0x212147bdb0Ff8F3f22C70E4EB21410B949651F54,1026780991
0xfEac7B2BbbCDc103718E2929650Aea060f20440b,1000874334
0x8544e3507F7EfE54A5958928A8296E19E9239156,1000245174
0x68a3557b212Bd0bc7b2Eb2F5A2933B459d0674e3,1000005038
0x130f6Dba179f1b2F2d1a608b6b72bFeDE7b7E588,1000000303
0x70de66D675E79f62d6884245C4399a80eeD142Cc,1000000095
0x78Ca925C7e0dD70F07e06d90784E32e388e3029E,999048315
0xF1De2399973AfC71953b248Eb4C280b9ee631544,989980081
0xcbb820A91b802a3FB0287AC7D895F80EeAb4A9a2,986149910
0xF5839106297527bE62D88d6b4252692EAEB46e9D,962484603
0xE577E007a7E68a33d9Bf1a23b71a9fc4E2D7269c,830000009
0xa6CF9bf8EcaFf5300E38C0169FF45bd9A5E15116,820071597
0xdC390004704c38AE53C86788e24330DDEfc4F712,708731138
0xD9196De5bF4ABa14Ef99b311382Bb61e6991186E,700000029
0x4988Ae4767A4aE76Df9AA35694638dd9D00fc39a,683874733
0x84912149f93D963ad5Ddc3c2781B1950d160a4DA,564180655
0xB1C38978C5b2D938Cd2406796d9C09a554A002CF,542524970
0xce1F76Ea807d282861eF802d06355C9a19bC82F5,507852741
0x4FfD0A59a26cB2Aa76D403215e4cC2845C053994,500003710
0xC97327DAacc4BE88D5Ab2e910EB4f82351711c28,500000175
0xF551eD4E4764e3F1aBBD6A5567a0aDF415657a27,499851023
0x1CCD8Ff59612D4108d9BbE5F16ADd545EFC6Fdbe,489269932
0x60Bfbb7e79B1F7AF0Dc513E460dEFBE143A1bc21,464650790
0x8Ca5ea4fB208C600981eFfbFa907982ec45a4DD6,457486347
0xd51c443459CdAF89Aaa4451EA904B19e7f060112,457191995
0x08d374628839Fa34ebdA9cB40CCa3D891E4A4885,409086667
0x3e73603aF23ec136D634757462cc7A778619ffD7,406625722
0xaa771A50990B842BdAbEB4B48A1b6352338C4931,405546027
0xFfc8a753a19A66A57B9Cf046cb80Bb86cDC9727b,397318591
0x1C157BD0cE3F4a2ee06B60891E5389b85a55c55E,362779167
0xcc7322a3A115b05EAE4E99eC5728C0c7fD2BD269,322161426
0x9894da43726Fd88fEF6066387371fac72a386749,320000081
0x97B8D87C19cf500180186206F932AD6a025B9FE3,300000118
0xFC5EC7cFB9b5E54a8c1bEB28e0270eb58ed9304f,298000000
0x1aEA5E7a094ab5f411Bc478ca8C86F0424c63dE1,286886869
0xeA9c7c1Ef52a9738f5A1585feA708aA8B7294543,259277964
0xb0B9dCCc882F4ec5e4e52Cc3f4D492ed1BB00E28,242104146
0x9929497B5129918D00c90a630Fa749E0D430C8ed,224317669
0xd102B765F706004CF0B9d46952Fb70b4A4604542,222602206
0xd9Be69Ed3762fA74391C05aEfAA43f392A81ED8D,220000003
0x67A413e65a37a46109bd8f08a59FD96089f691D2,219908465
0x37019A768eF080fb3EA4655BD12E840673f4117b,209895613
0x85e97519F548A27c89592fe646f7686B1feb2a49,202548159
0xaD1676994ab294722C6ce3ECCd445EA1578fC744,200027165
0x52277B361A8A90f300257E86A687e9B39a087341,200000000
0x64803Ce1197c4D3a31dc5743ec7c63563Ad44495,190895142
0xe420345431C678D1bc123B919b49C58B377425F2,187280686
0xa70d7F7b7Ff356E904B5f7Afe2f41e8F9005434E,160044840
0x8C700a9e36C0a9559f9386c48932F32a0B4458DB,132686999
0x7D784DF0cdCD663Fc990a2e58688ab37cd7ef9A6,129871844
0x3Cd156AB6C11c3687CA775e6efD09e5aad052C26,129855677
0xF0Ac2223D37796AB1ba21cCB95DB84E854B100Ad,124719670
0x7370e5B6Bac9478D72CF0D26BD93F5f6B9eEBB9F,124674718
0x1de1C5c2403A62811AC04E4878d324223236C66c,124158340
0x7Acfd797725EcCd5D3D60fB5Dd566760D0743098,118310893
0x3b185c6Cb2aeFCfb432B2eFeaDc2ED0080762460,117390043
0xbAFe1F05E0288eF0c7DB2D0AD601baD58712c4F5,114355870
0x33fe99419cBC227967eC9a223152564b11845f4D,114271689
0x0361d96b6cfec997e9d3D33BC0bA0D2B2dE30410,114249405
0x26404746CD2228018f86c98f580E5030b06Ff3c8,109399315
0x8F680e3e2078B12a2Ee6B33AF07561Fd6Ef800Ce,109097230
0xbef1a08EA6c94D6aEe3DE57424495e19E586aa62,108518067
0xc0E7bA477d0D6f639197d28991A70Ca2A3dC451a,107840481
0xf189A0Dc5C13798aFc2C73b47C9b1A66A80BdE3F,107235562
0xE989a10191Ea2D0afD61c6c1dD2507893D0Ef103,107107066
0xeE0b5776E9F4c1556CAD9b01Dacd25e0D2bDb7B2,104947718
0x586129e3565Eda63B3b4137217A048CDC1904768,104014987
0xaECa974836f71e2ee9bFF142e786918bdc6DfF0c,103954750
0xabfCCbF982A40FAd2B1Df9B93993216BD444aBa9,101787786
0xf6DFe99E7Ed758a8a8d00678B44bE63B2cB1973a,101765391
0x44055e696AF4d0502D9f98D2aBE6ad3385A67e95,100315208
0x8B5f65A72E6F5bd5184896f60A1eAC833992C700,100000106
0xcd2A9794f82f05af125AEFaEeC3CcD6B4945De4e,100000037
0xD3f925042d39c23E7126e140AD1423142721C97C,100000001
0xaECa974836f71e2ee9bFF142e786918bdc6DfF0c,100000000
0x612712809B9eccc4625b8250efCa74edbD4f7A97,100000000
0x71fAD3357C786312d7a2E65623C592d434f3C9Ef,98290274
0xe4162B2966ec52B8FA7526305AAfF798AcFD996A,90272242
0xe0Be977D35812E7B110721E3ed5a3D924F6CbB4f,87563545
0xF58886c5a06873357e946E75A4a7E3051A1F061a,80000000
0xEcb25d097C15f678a62e5D430b013Db0fec6D2ef,74905330
0x1B757C273D5C8A6d005329f7d535B44Dc1C98155,70280280
0x300284302F20C2F61786C1993Ae45297a2A4d6E0,68460312
0x235C140194993Eb8aC0Af161f9B6f6652B76e9e7,66378963
0x718533ff2599e6572367C5cc30bB566d7b547266,60583540
0x661EDB7DB8E280DBD0606f52a4bE2fe4BE8D6d71,60000001
0x50D97dA209200Ed6bbF45f82948342606f0Da187,54305644
0xE74C06b24248d1A93eeF8be6386aDafaE93E973e,53428898
0x241202A851dBb3cBE68a42Ac2c7f11aB2628a5dA,51987098
0xcCA6b5689d2003B292E6eb3ADc18B14f62d021eC,50853426
0xA6e6c43a738E6aC4500217FcCF241a139CF89415,50136119
0x3C045d92B7c3bb83E2018e2e296F6A0BC0E2eB07,50000131
0x38430336153468dcf36Af5cea7D6bc472425633A,50000043
0xb2F399A8FeC76C6175d5f4fc5877E25f660F535c,50000031
0x4b691255A6Fe3FBE56579CE9D6E9076eaa9a2089,42077873
0x10d7Ac0F8A5109dE316deD6b46D526ad4D7E5361,40187418
0x024b14d4054988600e0C1a35e46B5df40157fd59,40053328
0x64739640e38F55e6Bf1e72a3B10405395F71FB45,40000002
0xe15EBB6573496FD6860f7194285375FB94C9A7C2,36038825
0x77F4a43ec39264dF8B0C1B1317f455879c1828c0,36037791
0x2ee901d6AAb21Aa32e50AD15779201C2D6637092,36011995
0xcCBC59Bc7eFe74A50affBdB11daC8149511074D7,35000037
0x39a81Bc996bB689ef9B4083d68E5499610d80992,34835619
0x91b54E06C4ad09e226EC1cA8f0e56f0Fde7375dE,32908030
0xB984Ee02230C91f8D2DEBC548576eB8b0d3966bf,31228520
0x88e137bd3C1d8E94162B48034b221335f7aCe9ff,31225598
0x70Ad52A9B22dAcDdFb81B324e580Db1605de7526,31222500
0x785DC7204e2Da8694c045e615562e946AADbf914,31205529
0x3534448C5290e4364F6EB49c9026f86aA1a30491,30969199
0x5a312E7dc7ACa466266eCC73f32Bc5783A60e860,30000000
0xEBcFC8A579aF0A4B20Ae60DC9f7BD77320F89535,29810000
0xf05e75e42272Ec60ba6157d647924FD2de7a9495,27395282
0x2C2Fa8A0B0Aa01169D1F7e2Dc70829572C263d58,27266119
0xfAaF5645B877f3aF3D35220b8C4BC2198E68F4bB,27062241
0x814942045fa68DFB742915422b6a1c0Cd96cF4fc,27059888
0xEE6b71B0b9E8a2e7A30F3f966A41C8b414d5e2cC,27050505
0x53855117acDB147870A99BC4a7Cc8CCE049316bA,26968631
0xE00EB3afEa67142D042a937e3C64d7fB338F301A,26529234
0x95d944aB6B4C53adCB9D71245923526143D54c3d,26283446
0x41477A57A8916237A8ff512bA3D9bF487D9cbb79,26120181
0xD779a7eDEcdd3841C48933bAefe6A29CA52DfA3C,26115794
0xCE4b779aa407234EE950691B42f54b70b725b39f,26027297
0xC5f32340061F930037d5c844b2eb48445b639069,26015927
0x13AF7b3d12EAd6A21CAA8EF2a02e00C0971831C6,26000000
0xb6f2fbd8C9DFbC0D9042a48fD3d993F71fCc6252,25000000
0x81262DfC30A5E3Ae137029F20850566F86f6eB3A,21816220
0x609feC828e13DbFb6ca8668df22295B6e08B477C,20721088
0x1B3984BC8010f29360Cdc42A3cFb2AEA9d764037,20274621
0x41d65490459b66Cd1042FE066151e612E9c51664,20000077
0xad6E0E6B4259C1F1c69BD160412B1424c6727AdE,15698449
0xDd611400884430b2B1E92509bADC88D720768B89,15065231
0xebd6559956C7dB261397Cab2F8B466f0e5401D53,15000003
0x07CFf63745c89871E504242E060ab56BCCBe6512,14267463
0xCCe3AdA5314481DB76709Fa69A67166e9434a3B3,12227845
0x64Af5b563c10a8A96E552D9C50cef18F00d244bF,12000000
0xC73DF1e68FC203F6E4b6270240D6f82A850e8D38,11221720
0xE9ABa57724fad07c6Db49501B4674fA67411D201,11000709
0x18f710f752d7D319dfF20E6cd6853E2BBA69d389,10892462
0xeB1BcBfEC30297E70ce7Fda0a6729A233c957117,10627683
0xE2CA6bF9cBB498584e8c51Ea41B87F00A90E33ec,10233869
0x9a5CF9601f5000Cc9dd3A816accfC81CCd112Fda,10090112
0xe4ab72289246279E619715171283482339e1Af53,10046798
0x6245A99C00d0B6e3759C8b6646F90A6dF9b40993,10037142
0x337284a15C2bf54d0ecF66E71923BC6858feD57D,10000000
0xa26A69f046824aF153671F7E0695484F1668F8b4,10000000
0x50EFB2b6271C18e3a6eFb9A44907Bac14EEA89EA,10000000
0x5eEe23ff5f8C497B942D5Ba7755C864E3a801fc0,9219203
0x96eA6C538F76694ED18989A44B39af868dA2351a,9081262
0xC2521c211029C86366e62D051b3AE25B897DCAD9,9006211
0x67a753ba87A78ab82d7487b6564c537d14332b7C,8315535
0xC366deD35eC6B9B3D5284da081E15c9543E48763,7956498
0x6e84ef8f4a2c4BAaB37eB8D55D07e2Fc6185A157,7095647
0x784F04b1105cc0C2495c2Acc6Ac504F2B5fa2876,5735596
0x3BEB5E96C21feE32C43bed747dC1fc4E57c5594E,5670000
0xFB164A94BA4fe5C9287153a26d307Ed21d0dDa7b,5540851
0xb315b49af99b6C967b0f743086d17b67086F0D46,5539785
0xD28F4b8d8201Ad208b208b6A1fA57725037E57a3,5537804
0x600f231FB44BA2981A304a9d07E3c030325cC03b,5038946
0x9C2b07Dd951eDAE10fbf58bB98a1448cDe417F58,5000000
0x7c9b4Fbf5505aaF9A6353674D56bc56De41bb3A6,5000000
0x3D005D08dA1E75f0175FC8e1d654D6542BADAC40,4000000
0xc96273cfa7e7f745b616ACe6B73b8Ce8E716cF64,3583664
0x5d942f6091B71C51Afc9461297097CA4743Cd288,3510089
0x69EEae3A39d5365A93081A3D95eE473Ba317Ad81,3305887
0x5C7e1305B19F02d7896427E745a2712A9e190640,3045709
0x80E9fF4A09f763b27275a2aA0E09d6128543203f,3003259
0xF2491F21716741c16De7EE67C1224DEC342dca50,2957893
0xB9587B75CF1D699b93571c8f9D48d464cFE32F62,2952226
0x48b576c87e788a762D6f95A456f2A39113b46950,2650918
0xCdE334A73d39fDD54f0798B7E4A08fdCaa7318D7,2614121
0xB176e97F1A9bb95A2BAaa60C370e91107602300F,2589889
0x8F4ef72E5A07cE7b4bB842EFec90b21ACE66dCd7,2499630
0xC6ba6BB819f1Be84EFeB2E3f2697AD9818151e5D,2275787
0x4a6c5558045e9417b2A760Fd5c55437ed84b7aC0,2243535
0xd8813a904000998f112EA573E03Bdd2C648463ba,2029786
0xFbd9275BF42f21B7CB857E6C00FFCB99443718B5,2018534
0xfCc47D929Ea812f361a5Dbc7a8f2d6A81Aa4c569,2013523
0xF2427eA3AFD9a64983c7077E9adF3e0Cc0db29d1,2004707
0x4117F30A35E0a936EABAF8d24382A44f8e2D19b2,1876896
0x4e12d870e0e841577a1d6ea08898b44cB1D0681C,1621295
0xEa749Fd6bA492dbc14c24FE8A3d08769229b896c,1503793
0x6a2166A6A1E2573b772E48f529e0D6299bAB2998,1480388
0x22723cc5aE5a1B4514ca41F2466E2ADe15Cf529B,1365905
0xEE5164204dB314C7C839FD6d17947FA90f8B5Fd1,1143862
0x5853eD4f26A3fceA565b3FBC698bb19cdF6DEB85,1090302
0x62d51Fa08B15411D9429133aE5F224abf3867729,1085000
0x6b33128B01B6059901A9B487527DE11122cAD598,1084133
0x66d34f5EB6Bb2fEA8C8e9ecA4f5133fB6A875fa8,1065246
0x37a8757B9b72067e982385473b3cFED281Aa628a,1053712
0x3fBd1b35EBC087C89c70e767a663f2C3B8C3855B,1028558
0x23c9Db00cd2c000679AA98113D3223C5a467dD1F,1010484
0xFA6Fb5e1da1F7158E4950F6475B1E88eA538A859,1004575
0xE687B524903fEa10A648326D90130FFABe0215f9,1000000
0xb79c2A75cd9073d68E75ddF71D53C07747Df7933,1000000
0x834cd95Fb7Fcb89Bf4030C606d9B6732eD33279A,1000000
0xc91D0C3de778bF09A02B3541cc1dEb03f5f58ee4,1000000
0xDB2E02F4Ce39C7c965a31056Cf487206c62B7a0f,978348
0x75d5a3F30f4fD727d7574cA8E7e8492fAB4f97a6,931495
0x929E46d4b174Bc6903005D01Ef9723128F166C58,917791
0x528836082e417D7b839E17a17964694266AA29a5,894399
0xd455712e43582134F101a0C686d26548B5438A3b,845221
0xe5F55468585ef91CF1a87aa3aF4c830FA7AE78dE,807934
0xc71095DdD6860E3ec428c4E6C215F2Be3B8f2feb,800000
0x421e1ce9dc3e33b785183BBD43926cb2F8A4842e,767881
0xEe32d08E674dBC7ED9547f02E39DA62a4689e7B5,726216
0x51582F18a4F2149D9b0a876930320b06A9c73659,698951
0x035e51FF4D0d193e24fbd9613526D827F39bE393,670910
0xE063c36903856Be3f289Bd19B9D7072DeEAdc3be,658707
0x21c125cE9CE5a6AEba60b6c6ee90d35e7B4E86b7,614435
0x737cB3474CC0BEc8Da82f2ADaB646d32C3774772,607407
0x99bA7CA2B06E08348c61Bf1F93a73e2E6201e866,589311
0x8075df8A555048bFF338b04e7aF5De5Ee9565F73,582697
0x7B70FE6E1421E7de9aa714cCE59b05405D212Daa,543309
0x42087c28f296d3b2Dab56E3F5d1ACA1388F2Be5B,532511
0x187b6Ab771482CCFEE7cD2C35176080631082368,527638
0xdc402cCC40Dc409Df62bb41c319C854A96d21365,525528
0x2cb97DFDCb93EA3d4534739fF34fdb2665Cc98A7,518069
0xBdC6780956c97CAC7a4Afc3460Fd1b01775779B4,514357
0x9fA933f60BCc5E63F75F210929839f91F55b919C,505522
0x0d5695983FF15A64e27f272C7AD27680f39Fe5CF,498057
0xaa9Dc5A32F042941007d281813B0FC1d51DEdC03,489353
0xEBe288669cc660DF532E37a4857299d64498CB8A,465854
0x1C3B21dFB4edC781114e571A040e7C02B5AF465D,462707
0xa891Cb41eDB7208E3624F66687D294B60f857695,455996
0x2424aEB7B2bFf59E30c59026077a9CF80Cb73fD6,422257
0x35da5896a0c309a47220f8b1B13169A5bB145874,414426
0x2E53c11d0f56D1FACBA1D69a4e752377FB9A29D1,403684
0x187552928d6219bb1195eFfC6845aD6d520105F5,399183
0x0C4EDF2aCfc2b49B18285CDd7962A28422b53eec,398026
0x93911ad362fcB3af570d02F1a4227F0939D564CC,380718
0xFf229a8436062e28b5Fc1Ba262286d362c5BF4f6,371851
0x5D80a1c0a5084163F1D2620c1B1F43209cd4dB12,368443
0xF6Da9e9D73d7893223578D32a95d6d7de5522767,363722
0x808f6D75492C8aFaf05a9C9E830c8dC7DD5A6043,362455
0xdC4fD789253F0428656498Bdf4a5F2E3ff7827Ef,306680
0xEe196A52820867C80852e2cBdffBb371d37f7c37,274634
0xB695339b8f39102985AEcEAE4b7e0b381C20BB4e,263897
0x9b29B87B8428FAb4228a16d8d38A6482cB7e68eb,253341
0x5e5fa5C06D37350585d5C42d04F4Bf7023c06404,253001
0xA8117B9c7B3c43d70d76057F15527367a593a727,241361
0xf7D1c2704d64bAc58DA7ed70E661d972Fc3058Bb,233294
0xF1f1FAAeeb95254832C44FfcF5De91200E74fb6D,230383
0x2446bEb3905CfFbd2c5eB18F1f9c2996B05257c4,225836
0x9E6d293717AC01dBe230b933F9620f11dfd3a761,223625
0xaB888291F4127352B655fd476F64AC2ebfb8fe76,207760
0x033104cfbAE62dc93D267306515311346e1C7E18,207233
0xe0527E66ED8C7e372007DE0d65A5Eb45caC53e07,204999
0xec042A1f04Ce1642Eaf3122E9059e81B5ca0B0DE,200000
0x6a7E4e513ddd1DB44A4dB12284Cf3784c85c2AFE,199982
0x16342Da12fA8c0043d7449C609a8343590176572,187875
0xB2043c543bb60Fb7AA7265CdcA359A35C4Bc09fa,186411
0x06de787c2d6417056526Bb734F756bdd97d0b1eA,178988
0x7ca28fe6e9A161DBEd6A6a32241E52419121aeF0,177308
0x681552091D252741877259DC8BAb4f09f502C52E,176274
0xCf5eFA2358E92034006eaC53cD3701096029CbEe,169860
0x5aDaf66A3084281FB03856Be96240AbecFdf26b3,168368
0x00C0dB2b6D538eE7f27536854374d95130C9802D,166215
0x27Eaee9E6dacE82a5978F4856410CF25547103F6,157384
0x59B550D787eC087A59a5690EFb79630aC9F32108,154163
0x41F5dEC429b320b02FF40e3d2EF5054Ce3d5754f,151377
0x5e6C5421B35211206D42078f7287E12Ed26f8238,151355
0x97692E7106427C259a5b78f75ff68Ff5152cf4cA,150923
0x5C179Ce9E092D28a2014C94ffE8B1ad49F075671,144918
0x59b7dDc4A57F2D9A45ec17Bf9AA21f5894b3E9E6,140709
0xD4400ea773C614a8859463f2e31eC90852D216F5,137218
0x622C82adEe3725Ff70A208d0c8c65015873CB559,133587
0x3cAce3B92E1DFe9B4b40e5a919D7e59d7728652D,129592
0x55E22A542202f1E3E4c9bA9a3a52739eD7aB03dB,129221
0x7190362F75eDe3AEd4B37b78Be4113baa564b7A2,129047
0x7190362F75eDe3AEd4B37b78Be4113baa564b7A2,124000
0x83C3c4B58b70067BFb23B7875FEb63241F9e7668,123000
0x318706EbFCE27ABC3DD8f563278960749fca16eD,119819
0x932D7299bce8E41986874E94F364011bDA596bBF,116475
0xbA58e26D57a03fDD9e70078b3A604ddc85D989e1,110820
0xCe2bf9fe96E9aE73de26641F5ace538Cfe49e147,108457
0xcCFF69a21EF1c8E25bDa6B7E048D0026e9348f51,107484
0x2dcE97a51d47d502D419C89815C11124413a813F,106322
0x243F860894BE3C3f2d6A13378A48d1A382Ee4C47,106315
0x8319d6BaEe902514bF38f3aC57D8FFE842AA7B2C,101474
0x6FbFe3d9849aEe2F809EB9Ff9274995670A86f6a,100546
0xacD551d75383DD81d61892DBc0eB67C165DA64A4,100145
0x8DdC21FD0018e7D3118b37B123DBF78e3006317f,100000
0x8DdC21FD0018e7D3118b37B123DBF78e3006317f,100000
0xfA3ce8f53EB52FeE071099C4bC88D9495c66BA68,98697
0x51269C05FFCEF90Eb64B9706317EBCbafbA79686,97869
0x4ce45714d97B71Bbd6fcD97fbb7A9cb74b4b84b2,97515
0x5020c6EB0fE5321071942847B56349a68C7342dD,95907
0x3cb07d1f0620090BB667dF1A5c90b4B80F8EdE73,95217
0x9049415d2D5c968B06932109Fe7D9116106FeCEF,93108
0x6C21A841d6f029243AF87EF01f6772F05832144b,92694
0xF55bd16C8c37B4CB208667Daad58Cfa5245b77d2,90314
0x391D11389803589337627449859e7DBA1E6209eb,88030
0x14b8e5B39070558C5aeD55B5bd48be6E8Bd888D6,85512
0x6F025FdC4F07B9523CF0935ae471D39b34FcC787,84379
0x2c03CFa2f24284577D55405FB55C7404B4eeB8Be,80546
0xd0031AA29053F975CC667Bf8070d5Cc2537dE9b6,80351
0x80968391DA3654Ac4fd5FEafaF60C9cb45dC84c0,77431
0x8f2D73dCabc4B5835250979F44E20D2D63f23930,74050
0x5A2fCd7D1f602D380cF7b2988fBF79be3Aa83042,73806
0x2d34b05042E3140aC994fE0d2EFB626b7D71bF86,72984
0xeC3b302d38D0446BBC039488cd4E206a2c0a2319,72110
0x68ecb2b2947718690DEaFf03040DbBc50042F49D,71635
0x7776DF3141eEB57bC414720CD1E37eBBa506d3F6,67773
0x0dF05Cf9d59B9E52d634bc3c3361b2a7DF2FA925,67381
0xE476DEC76e2cc238633d1e361b5A7155F46099a3,67141
0xCCFA52Dc1D1720c8DbF689BAAC6CFcF12B239E33,66306
0x8c1A4C98C470900567FB9e764243c89cDa79400C,62667
0x34Ce1347c4815387837ad49a0Ad5A33820D26765,62537
0x3CAd8f571b719Ab49DeA043f5EFFA016aC5F2bC6,61765
0x1Dd8b1128d532824278FAaa961475B0CADa28eF6,60938
0xB815B575eE744439a291C26bcf72423b52d039bb,60775
0xBA2139Fade8D0594998e82a97B10c2c7e73FDB2b,60000
0x181d3d058D0F6f522c57bFeEf08EEc64145C5D8b,57808
0x88191Ee08d7bB6B736792427D2643c8DD1996CF4,57669
0xd9390b46a1749DEe5325A490490491db9a826D1F,56906
0x2b5a0bE5940B63dE1eDdCCCa7bd977357e2488eD,55675
0x88cE30F11723e38fFaFA91A22462e57222433467,55189
0x3e51e45628ECE90Ca2d7DF2d0F6605F3c200EcCE,53910
0xEc9c38f0A06ef3Ab2C549b3EB90c97e69E1E4E9F,53636
0x7f4AcA24A93B89859660B104e08Ab3943569577a,53330
0x5dDfD3a3E652E8c5Eb9D32A8897691a8bd208bf0,52731
0xD5779EeAfcB2A404dda6D04f197AC9576efAFC8a,52668
0x8d85114de0e28D55cCc33162b265a2DCdFFa3Cc8,52147
0x435FcbC37C499cb8197df2D843e7c21d2E77CAbf,50841
0x9345F2d5620721C41489bB3C76B46125c70F0c92,50514
0xc135009C21291D72564737f276F41EE653F5c7C0,49363
0xd8de8efcfAC16C277F18f7f019D0e8b8c2abbe08,48997
0x14fC6aBe2C235259858c43Bc48C2aCEe398e2E7f,47544
0xFF49aCEc43ac3ac5F0fdcFeC4e215Ce99bE4597F,46240
0x7a7CFa906ee447007EB1400fefBA1E2bb25a8168,44877
0x0E993a9D60EF50FCF0E88461634F5ECB2B58F019,44365
0x8518d54D999A672321B169fbE5028f67983dc0B4,42334
0x09c29d6Bf69801c1Ee41D092d6024b5420c74944,41716
0xd58891152E0F481dB854722a564D0aa9A7f22Ba4,41004
0x8cA8854c2e34Cab43E7110D61F114451917F11F4,38797
0xBa9AECBC8052D1A8F38d4bd20D66C48ebB652D46,38244
0x0fD6f65D35cf13Ae51795036d0aE9AF42f3cBCB4,37897
0xe1C31BFb3e102e7fE59E3cB61006c836B058C856,36908
0x78bCcd5d99C37c74E5b820a3a1627aaEE7871567,36370
0x79195250C89F80B9103518cDf6382B8b7f239d75,36322
0x1CFBa1536FBeE6cD769b48c52F7fcabff15d34e6,35824
0x370D72BD11EcBc9535D07c0CA969CCb6B2485f2a,34565
0x461234eD54C90AD9F3cd2a8a014aaFe0fb4E2732,33994
0xdD92Fc22E9b705B5f3ee5517Dac65812A5A53C11,33894
0x54509Ba2186189096477BcFb21D24ef4Dd46075e,33556
0x19B4c18761BA8A9cA225E8020dc41EAb048d2502,31890
0xBE5164839F8A35Eb184Ed6b72a7dc0C99edd8959,31505
0x7eD217abd83ECD7D9f9efaE0D51267c697324b58,30245
0x20FFcCEC72e6EB47a49f1C8133A991E34005B8D2,29759
0x73Fe186a62180e720287C95C4034AeF989818145,29650
0x21e857E6a59bA818d160b809Fe8250eCCFCd7eD8,29464
0x0CA9A4BaBD517Ea94D50D028a52db28F1B444825,29339
0xeDA1Ba3a1cb1205f702816f1c30ea9A916775A5a,28833
0xBBa5833648e325d816fFfaF87Ae9730eBA6F39dD,28487
0xB8dcf61050e553aD5d9D3db7E972fC58daC36E15,28218
0x7822159ee394D14745Cde63a706F965fB73c7Ac8,27887
0x67DaCc258DCCc8CbFB493c652ab5170C3CFf0AD9,27815
0xf961E5E6C5276164aDB2865B7e80Cf82dC04E920,27703
0xA2351b384384E0D632781adF423d7A14458D8375,26692
0x686e2d1Eb5aaB8769664d740CdfF5F6D6B6cD89C,26474
0x3c784e064349A1147117585A7363b9c8F0d92Bdf,25860
0x15551B41E61f017C89BfdC2d073881B6e3F9aF97,25579
0x28b71cB20dE4dCD0ECeB583ab640a7404f8774e7,24865
0x9Cf90dc67a44FFF3f7E1feA4967Cf759295D35a8,24823
0xeDe67B42Ea5e7D56847F1C7BCF5C408447591593,24600
0xDFcE95C4D98AC825721203A7A5f3BD99eFF870D0,24474
0x20B92b34214A643aa620e80FDfaAe25138612aF8,24326
0xe50e343aEe3213981c3570e9f715b109725a7e7d,23996
0xA7aF0beB13D4077e30D27a685a69d952637c6401,23993
0x8771aC12777B4CDEfefE53f259f73065F7D74518,23926
0x7A6A59588B8106045303E1923227a2cefbEC2B66,23856
0x9c778004a077B916629ce9BbAAaE848495F40119,23349
0x51802fAB0749d1C869918e7b0b823206829ce9aB,23288
0xa3FC04621e4AAacA800Be80D1c3e44726b4c0938,23128
0x6EabF2c81728F612074f00DA458E9cFD25Bed2D6,22969
0x99b25F2B6A5CcB8dc45EA07041F6CAF045D8eda5,22801
0xb57718a5851Ed404250B15fCBFFDC4A6Cc28eF3e,22351
0x0251cB14B357C0a014f53AD17d46798167825370,22208
0x70F795dF58C9823fA494E284b481C66a39aD6140,22082
0xD21a12B3fb7E8C622de672e2647627393Cd530d4,21882
0x5957071D5fa23eaeb5A0d3Fb4fD801011573abFD,21437
0x59c5E18a736Ac6424A4253174cFD9625F5d5FeF0,21418
0xB680f628C56C8Fa368Dacbb0C27beEf8C98355b9,21401
0x2333Fbc50675fd4A85FB38e4923fD9A6F63a214b,21132
0xCfAb322f8665595DC7E0Cb96a02131E8dfFE80D9,20932
0x2D0Fc39bfEB04b0e0bbb85e9708ECB68999a128A,20920
0x90C0Bf8D71369d21F8ADDF0Da33D21DcB0B1C384,20805
0x7569Ff833FF6C5fDbb58934862A08281828673Ea,20742
0xe7D96B5FdaB3DCb6AB5Cb8B14b291E03A8AC496b,20186
0x9F37a01257b8D62f2f68b79b07C9367a99f9D1D7,19947
0x92EcBdFD74AF3Ce5f4Cfa99B15081c729c44fC50,19658
0xcf0df7dE62B6211862875e8454f78a146Ad96151,19422
0x5c53e760294FeB78bB6Dc5b32983713B31168533,19276
0x685FFc187FB925AA87DC57d4aBC77c2c9c6174cA,19062
0xbb55D8fD8406DaDfFA80312BE060BAd24df1ADf0,18819
0x8bfAcE09D812a15C04dB848F89a095b742b04BFd,18645
0x92fF72fC3f3E59aD56C53ac35E6B403Cb12eE069,18620
0x94b6EE11B0162EE6036c44904784BDF1Ae522Ac6,18360
0x22fFFc9983b4C14f405956a502136612D94CBE59,18088
0x28A4F1C13fC3af4B4AC9CE8dAC5Eb7DE9dD35cA1,17468
0x5A27AfC3A8B8AA5B8F1cdA7B326633F84ea7c604,17370
0xF0230D66D017a5CE8c4b64195706F8628F198a60,17009
0x23de23be992F174C9Aa54Dd6F09131722c9A8bE9,16840
0xdc057f5Fab144dbA1c2DA596eDdd51d8E9A0e88E,16632
0x96F2b512934D5d5a5c16Ee564109d49889dC9202,16607
0x2a8f30A247c1176541F4824DFa0830E53EDE222C,16243
0xAF7274D75217CA23D986F2AEA6Ad9d74a8FD00D5,16181
0xb9bE5ea5c013617E017C87b4b64cCE27d172Fd50,16042
0x3a3cbD8556d60562d410a5Cd1881E95bFcDEfE62,15941
0x3CBF01911E43E23d7ab5f52f2a29752B3057C3B0,15784
0x141D28BB466E7547ff03BC4bb85B9bF514410984,15774
0x4EF7A7c9036e1f324f9cd83EFA5b3ad94F27f4D1,15068
0xf65e871ab7Ec6b6bD97ea43cAE285031Df40FA6a,14925
0xE8cF0b110bf1cd9b0e74E8d6852Eeb96C699100F,14653
0xFB8D3fC8A98D4A293B11577098b57053b3Cbe049,14644
0xcBC9870d569533Ef08eF6938EaE7A97653c911bE,14598
0xC7BFb2ED20D14407C78cc1FC4a4Abe39f1964964,14552
0x55b675FC360714d6ceE43A58eB05673339D7Ba36,14527
0xA937F63bA1D69fD7e022fD50628B6D8fCFbDE52d,14470
0x19C11AA5fCf3D0314EE75852baf79Bf650A1f220,14464
0x44E2685E05ceB5d864BC08617Ae33b83b1794c9C,14412
0xd77311A1c578677266BA2Bb8a71CC6D3590a42AC,14393
0xF936d54142E4aa6D2871037AD7a68A210A9D4a4E,14180
0xf9515a01dA233Ac22cA5c52359a716b8d161Bf89,13962
0xAd9a7f4710CD4350A70c0fa2C429D196BAB27F2f,13899
0xAd1f64082B60560e04008fe125170b81FDb9A235,13845
0x839c92fC98A8EeAB03047Cf851b98822fA58b8d4,13831
0xF95c27a51f2e340D52E8a3c428CD6e290F51CA00,13816
0x2529547879e92f4A4a42D76FA53f433363438296,13803
0x8A7c2Bd487288DB07D095c42d00013639781FD2B,13796
0x144A87347e19BcC79F822AbA013F21Cb5ca9f8c6,13790
0xF9D7EE5D76cbf4b2a916596BCAAE70f0211fF7c0,13550
0x045CADE237d33044f16133939C04D740DE6B233B,13408
0xFC32C3F3beb1Acc0d16FEAFDc50419d93b3B2B73,13260
0x6F8025ff23380cb6a56c384522d0b96E7024Ff41,13164
0x55B94aD4773a6242D116020a1497e425c6fAdB82,12963
0x383C88957e2346D23892a6427869C2630b046F48,12628
0x1AfD3A258b1A9B397A24A239bb70444b478deeDb,12574
0x3604b40675a8fe776eF7eE32Cc04bfF0F3411D7d,12552
0xF2D301Ee7A3A3683FB91700Ac292eE5C5ae440cB,12399
0xbC14C6E767b48919f9a86Bb06D43c994261Ee1d3,12389
0x39AcCC516190A2007c6373768542edf10Dc84c30,12300
0x093D351658829Aba60B2dF309B6fDe9a9dba49cb,12147
0x933d3667128c71335d20FA8B9455e44B03D37391,11933
0xB57d6e248f0Cc14B90659EFEA2931497DF3EAe89,11895
0x7BE5e45c6cff9702Bc553eB6F3489B6DCc903dF2,11891
0x11d67Fa925877813B744aBC0917900c2b1D6Eb81,11758
0x648349e02C549986C8ef2b75514d73040D581Acc,11726
0xF6c01D14Adead16c6a9d62349E5A0679f0dfbfBe,11716
0xef65C06578Ca2b7E32f04bd57393340FBed5AC89,11648
0xBc380Ba0c822bE3408d47aeBe623D7106d651D7D,11616
0x1bBCAaf78544767C2A30f049c3dbB6D1550DCfC5,11478
0x06a05D6d264B716562573A03F6E2a79eA725197a,11393
0x81e0fD1d7Fc1334C7cD726e17d57BFd6829012BF,10922
0xEad5B7d86C681C036C59Cd00A0390541061c69F2,10822
0x50D557896E8DBb55d50C70E99200177d664F4481,10728
0xe492bCF10eD5a90C2b7cABF6aD335890B3B1a6Fa,10562
0xEdBfD7e27aC2E0D5E221AD524C817D432a546064,10552
0x076b551bC5353684542232d7fD3Af2014f2C0BAf,10466
0xD064Fa13B828E335171FB43252b65d4F657E9dA4,10466
0xb12B502492073edeb2adddDb1Eb8c67de54Ead46,10437
0x87133140418343Ee742f169bAC60e9c336415d72,10382
0x972cA57D2a3B251d3Fa7Df440B43D7a9441d70fC,10279
0x1058d1fF0f5CEfd620D4FBa19E3359EcC484cCde,10216
0xAc760D6309a6DFA6B224f4b7c1E2884A73019d00,10185
0x6c72D008c37EBa7295D878F57faFf902Eb7B21DF,10105
0xFC5EC7cFB9b5E54a8c1bEB28e0270eb58ed9304f,10062
0x2332AA3fDb7fFa39a2ceF8A9aCa6988342B89781,10008
0xC223b2228a0858e57a247902b688f2Ef5DD594eE,10000
0xA80e73c841A68f041C4dC0fe4Cc1D1724bD87950,9992
0xa80FA66f66e7EddFEfA0a617B49f43dd713FD086,9926
0x47ce4710f1EC69fd49Eeee3D1711942De47266d9,9906
0x27CA52818a435fd3A949fbB4CE7aaCb8Ce19d4d6,9851
0xd2645f07B873553621042AA499E1DA490FBa47f4,9762
0xdB5A663F8ce68a7b68e50fD12932F98485D2E165,9720
0x2b5b22e8C9444a64e85546f7F161eA382e06F825,9698
0x293017828a3510762135d4300D8FaE0c4daCd9CF,9632
0xfDd517d7fABaF63C117D9C649efF858EA5323443,9614
0x6948a0C8eC95Bfb0967895F7FDa5eD258D246cF9,9585
0xA534e734446CAe195d65d920fA47305F0dC55934,9512
0x4a6E9E4d076351Ae3dFa6B7A8F44B9F844a74933,9455
0xE6FA7C82Ba43C3214BF57CE4137410f91281dd36,9384
0x6E5Bb99325Aaa0d7894687fb9586A2B9171666ce,9308
0x90D615551f8BF3fE35Dd8F77479B8621b3678fFa,9197
0x6d143E5565CC630eBD09ff0631fdAeBf90083116,9066
0xE59EBbf4A10493cf5833f69CD142C71CCc72428c,9052
0xF04f593769be47aF2868a71ff623A54C8F2C753E,9024
0x18eb96bfE564B13951E8234493898e918DF06F59,9004
0xfc018C2c70fAa1ee46afCc2C2cf19ab945AD1097,8994
0x03593d1b8ebc5CaBA747717EB776F4cb56752850,8994
0x66d4558fAcC464930F274dF992AF771B7b0B3C0A,8935
0x52fbfC5741D70fFA9bC6FbC8A06aa3C570E4657C,8905
0xE9D0dED88Bb4f78C405ae2382E3d92DA5cF24321,8901
0xC26D1b1e3908c2d10EBF92a27d070d0eED0307e7,8855
0x8355be55CCF2dEE00ab5cC6d62f81eA97A8fF35D,8842
0xF6c1200dFC198509814306E19fE21Dc71Ae628DE,8781
0x3B3c17072773191820E1b01dE0c9eB8F90Be07F6,8667
0xfc8603f8a227c1f433E2DfA0aC89d272D488b144,8579
0x848d7b8cB09FA69cEB277CF70f1fE01EB0c00De9,8538
0xe5Ae5AAc9A19Ec43aBdd161e95640A1cc12aE348,8535
0xA00Deb25bD18F8Fe90427D78c9FdD6B89080401a,8472
0xD05551aED88f03C5BecB1687f9d110D78FE4C124,8457
0x504eD34Ef81cb0D3CAe0e326191454bBEfEca605,8433
0x671F67Eb8468ec323C0a87b3f4D17bfA97D5550B,8358
0x1dAC32947CD796b4203f69A5a6748e6775d92800,8339
0x339075B35D7899dC9C9A6Ba5457e52f70d9cf107,8335
0xe639fA0647a2D9c61ea33B5dEb0DF3c7c0A68760,8183
0xdD45C262C344f73c4F56186F1d812d6419564831,8158
0x77C07D77160FbCb02EBA6d20b58E1bE49D2B780b,8074
0x0805e5a4169042aDD1327eFFC63bFC7C72D7dac3,8052
0xb3AEBa7fc075dEbCd37Bd6743f1dBc4FfD6baBfa,7955
0x9d6DfA973D4D6C52ab52Ec08C9CcC398E79aAD37,7936
0xc79619967055B68715997A9C2768f0e1A6D69923,7806
0x72039B70dEC21958Ee396D6724D679F2E3324e5c,7751
0x19c2A0E1398Ba78C00AF784fDEc4cD0bBE70A392,7644
0xa0d39a3D90931DEa6275598F2d6DcdCA38C0e195,7640
0xb87cd3a0bC2e3D6E9B05cAeA163879f1a8D78fE6,7634
0x416EB54b41ef37DEFFD07c0bD0E458D01fd6f146,7598
0x22827dF138Fb40F2A80c00245aF2177b5eB71F38,7513
0xF10465d3FD44D36e178313F2Bd118E4F1F4ed341,7508
0x9dB6a774020ccf08b5Ed0Ed950762a2245392f60,7497
0xb4cE0c954bB129D8039230F701bb6503dca1Ee8c,7490
0x1a669bfC13FDAa895c1d917969bcF541081C9E4a,7474
0x61B3DFd99a083D5ed26B735842C16c132441f001,7463
0xC693D87Ea43656Cd5494065A531381338E6d56a3,7417
0x6f36736A0D146e8B2DE5d580fe181Aa2f9f46D2a,7399
0x038355d7639B2Aa6795B3213e05457ab838E11Ea,7388
0x2C8927642c3C33568f94590974B1579e09414d8E,7374
0xD16f4529c9E88eeCC04A04F2Ee9FDfD05f6b4A01,7336
0x23461e24F1D7601a674ab672ADEE0b4459302214,7222
0x05C1A4cBd48c2F30549FD55A90F76943b9ca7c83,7177
0x29eB182B934780bB25C4656268Df4C919225E707,7143
0x9987913a8607695E73f6F65E46A0842E2bfc9329,7130
0x012bf2f7CdCE0766492D9F6Ada19ea19fDa84033,7052
0x43F5968EcB71818803c0e561992e2D325FF71d33,7048
0xa119cE46787299c5D79cFeCf65193415c68b0AF4,7047
0x65B1e8C2963Ed03b4995500DdAB10414a541783D,6947
0xDB6dED7034DC4224eb552349f696A9360377610f,6747
0x7Fa6C2E57d9b21026E60a73CfC3fa2c8b84B0Dd0,6745
0x0F3076Aa290CE459f222755a61dDe0B528280067,6725
0x85eFe1f49dd371a9132739Ef578D8F155cD518D2,6708
0xB20d811d8831a8bf9D65244B5a64f0e56fE046B3,6636
0x69F3d8D1F8a5e8c105Ae41BD2D5275a6921B7ff2,6628
0x56143663a26729365FEC5B4b1Fd5b9B7d2A0f7EB,6572
0xa91483BcA21D07fBb1B3Aa45a3B0bdf264C5B497,6517
0xbD612Bf4c58F7cf9Eb5F9E11A2E68E2f95f72a6D,6498
0xe9b31F8DaaB3D2855CbA7327A4A94b2fCBd594C1,6476
0x667840eA0C7A55fe710B62d76C8794B73fc58c0d,6453
0xa441Aa6426e7584FA059bF7ab4421Ae48287e455,6442
0x64454FB0Cd4861E55DA09e032424841927740ee5,6371
0x77259366bA576CB32c3cCaa211192d276352E3AD,6296
0x9d23DE5540A3a1dFbF24D391A9427b2BE3797C8c,6270
0xba515CD1718CDd299222832Cd1aaf3a3b57a8130,6174
0xF837D991b85808895D047e05d23dba0F35e4aC4b,6147
0x2A840c8F976D7f0EF65743Eb59312b5E9666C5e7,6144
0x4bEae7e69f07299A9cb3cC7183e46D32e10c53c5,6114
0xDBeb8FE546FcF768d21A3e1849698F69D5599FC4,6090
0xbc7b90017a80bed2c4530781C3C535C206493234,6089
0xa42C6Da1Eb4E61ABe06000B17DE79E1C460559cE,5999
0xc1a7f6777070D3b39A522bA0253D3ca11c76dC7d,5944
0xe74098e548D9bB08B27b09cf9F61462f867fa9a5,5832
0x274AaA262E11CAC18865a3E8D0CD43675D0a4FE1,5760
0x0bf3f1Bbd3D7C71fDD402aC9DD3334304d92E7f6,5669
0xC9aD3BB85F0e41F51F39ad1D3E854B078831BA1D,5622
0x000000000000000000000000000000000000dEaD,5573
0x5FBBa881f76B2b8b093745568612FdE3561B430d,5564
0x4ed936A8e6c659C752E65A0B58b246aEDE176FC7,5557
0x6f96aa071967E34b079C61bE04CBDCA454309E07,5553
0x6daCf0a52477D6Ef3806a3204b8053AfED88E389,5537
0x3A484fc4E7873Bd79D0B9B05ED6067A549eC9f49,5533
0xf978379eb2E63c973979711Ec6A0062F41Cb47fe,5466
0x155C1d09941D0bF9Aa9b1e313B3A904E68233654,5448
0xcB01b8cd271481b3117eD7C3a164deaaD2Cb01B8,5415
0xe234275D6bf2D3AB29902A53B5bc7C1CD819d33C,5378
0x6B53cb0bAcF5952C95dFf5010938cc54081b0779,5326
0x2EA1fd954B5d21FF704e37DfE50f796Eec4620cD,5287
0xD6985A60E073bD52313700C7A2deE2bcd65258b8,5225
0x8F77D16d57dd42a85fFD896205D4Ce6604E3a18b,5203
0x442B263a0aAB7c90A822A99E49d27Cc8D2Af20eD,5150
0x5d8db45344335B2D76Ca262B76601dAA818d056b,5147
0x8bBCDfcFbDA933b4Df52Bb7dDb873c7E2004A77a,5041
0xbC8D11185FC39F0f877076278DB21f76777be3c7,4977
0x1a0cDC1A4BdD49986205f18Ff7297e21f048993f,4912
0x34fc4134Dc4956955164d8f7Ec08d0f78955ac00,4887
0x9d17cFD213A395260b8d5a1c9Fdf6086161521a9,4874
0x71922d03C031413A217Dcb6554FDf567b8B03Ce0,4847
0x5c9F835A93b71Ce6CB266199EF0060e277164a47,4827
0x78C73dFd4E67a0eaBC4A5873816Df959ff1FdCc5,4824
0x497a620dB9c93e77a444A6f511f0A744275fe5d1,4819
0xd665ac733fFc570e2f342Cd9bA6d7536A5920910,4760
0x9940E2d382a8e390Eba9464330Dc0201eAb0D253,4749
0xc5d4Cd3fEC6Ee1C59A43549BD3FbC8CBC69c0397,4646
0x1D5Cf0cAE47b16D81a83Ed2460Cb6b6EB2Afd61E,4638
0x9Cfea55791123DA6A32e1972C919008a35dB99AB,4587
0xAD1B9F05f9867A48F3aF45906Cf81fd04ba8Fa73,4576
0xBd870f4e247a16bF66B5770ad06CAEE52Ae7a394,4566
0xF5A4D5d1921D0114b456982D077f8D0987255188,4550
0xfC89450C690A555A90B98505E2c2B128A99dDDf0,4521
0x2bcd4abb1e249F63a14A7DcC984C0146eE7cfDF5,4498
0x1C868351Ec12EB100211e638Caf74Fa02Cf42809,4418
0x4eED5Fb4Cb4deAD1E996240b882490fE042BdFd7,4404
0x0250d159947f7329590B4864f34b6b2F610bB5c6,4366
0xbdbAafE12313cA57B11e8C759579365E69a05A7E,4285
0xc11BD3d8Be430abBb5F284498d84517CeC467Fe8,4274
0xC1676BD87A19b10B92950BBA52ABf07b35A379b7,4266
0xF0346594f2f4fe1959e32EC7178a156d9F447A8d,4254
0x99270394680fd49EFe3368CCd177D133e1Aa4322,4245
0x83Ac58b4C033F43959044B0607985f01B5f90c73,4199
0xa8439a8C84FD3E569D4c3a33ECd88E415426d3a8,4183
0x0bF1fEe0f3DBb4031e4C12E2985df93F267D53AB,4172
0xEf7b2388768bc379F8a29349D6a5e96900C98575,4127
0x7CC3Bc95c99dD5A6B9E8A59f42e60860Bc6753B1,4105
0x5e5d720aD0b68Dc50B28657481F9657CdC8912fc,4050
0x32edF9B5F7767762137825D96AC021342Aedd80e,4017
0xDc3B17B7787FeAb3e68e187F9D1aBE4c2F0c3D8D,3985
0x968F06D986718a27f89c4bCe51d06D6472913394,3983
0xDBDBc655BF297f103338D7C39436e2aE587c353B,3959
0x0CAC945F4F3038996Ec30B72ee9Ee45F02a90bff,3932
0x248c1E23d2aDa0C5F464626669dD8b4e1552b38F,3930
0x44Fb7A4Db755d3E4c5F82D4F042900802F16d3F5,3920
0xb84559600fF7Ed3343450c308A508C9598eD7760,3910
0xbf6369325B840A31e6f60Ec0e7A8543544EBe1AC,3902
0x9FCa3943A81A769E07454d6de884661eFB532Cd2,3902
0xf46E825ab7aD0e5f5Fe56fa855a90f56e9cFCD3C,3883
0x1926e5347f724CadaF958B8e69735a545c267F68,3879
0x49bdBbC511EC6BBc5D4cf0F45bBBFDd83470a64F,3876
0x95C127BA6f48E9E4B320076E7DBBE4Da2b09AE7D,3872
0xf567361ff0bCDcAd1252c8E2Fb8e5d4a9bB4e266,3843
0x08E0D81F520452bDE9B9503cbE86bce004D28cBD,3841
0x255ac930e2B7575590f58210aDBc2aAf8d511F6D,3810
0x25E603C9215ef6D99438A28Dbb22e309a215cA8B,3793
0x5B46DE6901fD09c5B28022418294E83A1D6f0929,3787
0x92e5094e0653897c1EE8FCD94f6E3a2fD71BE323,3780
0xC98147eC6fD14600c8E1cbE39a0f70A1d2209D45,3733
0x8B0B99E2e891BC9a3fC296c95e4e930642863a08,3723
0xAe9F835F47114874A89602e190B5B8D2De598668,3700
0xf7198a50448450D2E2b6D3D2d4fB7246e0B702F2,3560
0x5e8f0967F63572220A003C2419230093cd3F4355,3495
0xDeBfcbc1e595e19f4e3Af6184cFaea34abb8B54B,3351
0x6699740454b908Fe07EdD4F6ade27FE0AD871fcC,3327
0xDF0B262ddCf9bfD19f05eAC58376D2E078BF6e8a,3270
0x5872a53169b501dE35479961f731012038af6E79,3241
0x9af6d5944C30BaAaA413ac5D984f291e64531DDF,3241
0x9336ac03694565cd4F2c65deb0755fD3A55fD4Ca,3215
0x2531Dac8784CC16b0F1047C5FB97A4a629c44566,3194
0x89731cB079937679aD72516B0c6a0CbA93Cb26cB,3134
0x3FdD693A7e1091aA8a7Ad3C0CcFeA362CB488099,3099
0x4030322659544000A59be8d74EF30F843e8c4E14,3010
0x0995BF0f9b8Dc2A6C5a034ecEAD830fEc0176374,3004
0x9521C3BFc47C1D1c90bf5B9B8AB52ebe0e790431,2965
0xBE9AbF6433e4ad816592ac5a8E3db180d04Fae8c,2944
0x85d72C6922479BA67BF85F11cC1e3e21d6074Bd8,2942
0xCA11c106fc3911019EDd2B509aDD0D8bD30aF8f4,2910
0x6EbD4AFc557D40FeA6d0606E9B85d22f7Cc7a668,2906
0x6285389BDEd9cDa0d455316e5d0ED98AA55f34C0,2903
0x71BB2d0909cd0aCceB9120a59D9D5CdC537F0102,2890
0x26165baAB6Da9239D1BF30cBdDF4CC9f025a4Cfb,2865
0xB5515AA5E490e23F47B8676580E45056a54eeb69,2850
0xFC7e5089dAeAe9a62261437eAD0B2E5D430A685B,2843
0x24bb3844394a7cf254B470260D73b881b9B4d476,2843
0x137275B0773e581Db2eBF8715DD6BBf237b919f8,2841
0x314614fF2C14B9710B843244597Ed7d3f3D12fA5,2838
0xa3781d76ece95dA2B8B23881e2bb389baf405Ea7,2815
0xB21a19baE517432a6DeA6Eca3cb370802485223E,2809
0xbdbed9f2938145b133c48020C8634a8e8864fbf9,2807
0x5762c4d20D2c41F1ba1D7E95a06c6d0067eDaC44,2806
0x0B07c3aBB0529a4e9ab7CFF3a8EcF844f467E001,2796
0xe6044fC81b66Dfe979055f1211a5EEeF6bfF3d8E,2782
0x8bd9b20fAc8983B5F9E71D1FBFB0c7d241BAF402,2765
0x0735A3936193a2582Fe12f0Cb157C2b3bED76931,2751
0x8bE561d57Bad131B565E54E0cA2235FF90992A57,2724
0x84451132Ea748749cFce6ac2C5b705344ef888B9,2710
0x7f8c1963aC6df962903befFB662a0040605536Ac,2701
0x643b2C9E7134cA2aA2D021B03472D842cd925F28,2627
0x71B63F24B4C67471d9c212e390f1837BfB5245BE,2621
0x5C23Bd1BD272D22766eB3708B8f874CB93B75248,2617
0x6760Ff558c1db2231EB2Cf1D16de05B01231193E,2614
0x16f6AfF7A2D84B802b2ddF0F0AeD49033B69F4f9,2593
0xD60f271a7669804F10001dAf191b1f6Dc733A0ca,2590
0x59A9f07Bc3c3D3765e835e825C8f942232d017C0,2582
0xfAD52C91dE37230cBA7eA5b3aE98Ed44b1737Ef6,2567
0xF2C73C2530cC3b5c30573195E979a247607a430C,2563
0xc618D8215180e283B17d7F709Fed07b9b8e712b4,2515
0x90153be2aC32633fC9A7Cc53cdF01D348E875555,2494
0xA2425918F30aF40Db42b7ED6197be7F7Be43895F,2491
0xD29C46Af6847C409D037332354639b56aBd409AD,2488
0x2615CF268f57278717F993c4fB05703f39F09bb0,2485
0xA9eA8aea582eD91280EF1BeD3F75fC25bB3f06D4,2467
0xE50599a4F4db2032141491607A41C994eA8aCF4c,2454
0xA0c73f26F6846001b6cAc4da75A167Db34D61e8c,2436
0x930e8300ec25008994C5192AB17Bbf659e3eC294,2435
0x84c4b2Eec287582F4366378649e1B9efc06E7cde,2430
0x1575A5AAAa60ADdF18631E8a5D1d4Ef3D6C8e1C9,2416
0x2c0EDC4A98cAF7c64f6793208F55C8f408DB7e2b,2409
0xEC769878ff9c9e4670D5F897377832BD22887dba,2409
0x52C96b6CB43dB723fCBCafE21baf07e7385A0e99,2405
0x38AEe5c02A479799e302C88841Cffb81f8b56D0e,2395
0xfB5ca1a4A070F2CB7A213dC023568e378AC28b36,2367
0x3A0AbB8418be513Da8a7F069B7fC03a93b8C924a,2364
0x582A2D1272DCaD50a86eAdB9f628fceff6844920,2360
0xc044e2ba44649Bc8Ff7b572758004818371C6b70,2345
0x7f4e5705F8e436d4b685fFbfFBfe6b385096CB4C,2342
0xC04Bc1996320f27c0A6018cB370c9469a9Dd3a4C,2334
0x2B682B233f82D4219a54F0FBEBc3b41cdF145c4D,2303
0xb2b194901208ab436bF236e6Bb16Eb7a0dBD287e,2298
0x178d12A2f34c367bf1A66178a17C32727ea77014,2285
0x52122DE41F0C97D11949Ac86Da2172c778512735,2273
0x6aAB574a9f04515246f19C8AD3934bF49DeE0E2C,2256
0x44941A432Ceac89d83c09df22396524F264fD07e,2248
0x4a4037E53306f284cf214B733E9A54D6a5939818,2236
0x97bb5AAc11c2542b9396aE795eaC58a95EcBc0F2,2232
0x83E0B9B8Be684cA6862C922B47097Ad8E9d0d75D,2198
0x59A0e25d531AFa328a35063d3A07e27cc3477102,2176
0xf528a8Ad312A6330Ec42591BC53954f021Ee697e,2173
0x7b622252A3A3bFcD55Ee6cb32d6e259D9f707676,2146
0x853c94AAee967d2A105331703F80aABc6c948a75,2146
0xCb9B57Dc6FEE7836Be375c41b48d46BEe688Ff40,2140
0x26B6EB49A0985e9D340f9d63bf5A1D66B86B52c4,2120
0x0c7BE72E04d4aFa9D848c7346f6984Ed3f41e4e0,2115
0x12aD964857814E29D7B3267db7A99e24e25eBfb0,2076
0xC5aFc3a0F462C5a387393421b6A253204a3Be8D2,2063
0x71cfAfC5F334527Fd65821C0CbA69F000ad14F07,2041
0x90983607e3049864Fd3962A3a36bde85a745eB6F,2037
0x1e52E01246296b38b4549Fb03e044964899F9d29,2030
0x14aFC818DEf59832B06790a8DFc7c834a36E3847,2023
0xb16396423186aB3367cfce17E28F6CB3b54ec34c,2005
0xd2515Ce830F8a8418F9105dB4632e1b76359708E,1984
0x2CFEE5Dd37FE4E089Fb8255dC17d588F9f81Eb02,1965
0xb0516837381Dc60E65EcBE0D598068cE928F228f,1955
0xdC264Ca6D1c759bEf5Ba74799fF699f13f8bB8d2,1955
0xD0e8e096D70b8CBB704e972dF7A82E536f74fb8C,1946
0x72656CdF1c5Bc08F7D95919e1b31Ca8a88de62c6,1946
0x40BDeFB6DAE9e82165876250c3d4E15343184504,1929
0xA93d4288758bE21D22D24924AAFd3e3922277B9C,1910
0xe570f9BF7ECE5a8b86289588c077dC69Cac7111a,1901
0xF3e29A1A42A5965693Ee25E24f18B4B631086Bc1,1888
0x56B8A86d33da5dA1A99E312DE12e775D91c5D710,1884
0x86e8758a89cA617faEAfCDFD04bf5DD0bB0B917A,1883
0x8eB441E80563E1b400981A2A4bD9678bD703DC31,1882
0xcaBd9Eb75a0FEB1D60e9edFB2073430599F8597F,1864
0x556528Ee09A5B5cEdAa6DfC98a5E60256F3180D8,1854
0xA04F1b8756e4B581BDf9C2c77f12830a35ef409D,1835
0x89D98Ad75fAdCBd2ED212a884f014F6Ae9cF10F9,1801
0x176fcBa5355e2A1622eA6852ad48aBB1622C7942,1796
0xE61A3E18Ba77546032F1eCEB2a6068f2f9B63412,1787
0x244Dd4d5E058857f3347429D5a648Af2b79903f8,1732
0x3d9C97137449951F69cBe6a9cCAc6121274a89FE,1732
0xFe5882bB279538fbcf75fc3F0aC560e43c8a7a64,1726
0x3E2681E79877BDbceE74be466615d5107fe49026,1714
0x0aAdaA54b39CB6762184Ea2C57b3cF03CEba6d64,1701
0xc0b38B3f9DD7CA8De7D97f3a07a4bE981b045584,1668
0x819Fec659e1C225ce330B02e01f1e4c629E92A7a,1661
0xF067A77Ed156F328982F0B927E0e9659bD4C144A,1650
0x807b755d5374769dD5282a05ebAcA84CA70aF607,1629
0x8f467D946f204a9FDf590190905f34f7440F17Cd,1626
0x3e13FeEAF3d98E24706359D33e1b61B0d097Ab1a,1609
0x31bbAb9dA20a2d0eB65c187c45f440aF4D2Bb65F,1605
0x515EDc0327c77cDB7758A14FCCaa9AbbC069b4c3,1580
0x325409632bccFfAc706d378A2Eca57Cafa21ab11,1577
0x67958494E70C77a537101AD0B35B44AD3b072dC5,1572
0x79819a92ac402d53a46816e9A501D72D79b60ffA,1567
0x3BD85028ba5e03722F88cb9bE26c9A2E01Adc27a,1563
0x9beB2A114DA37278e7038EA937178b1059237ADD,1554
0xAA6E1798252827c01d88142B9F5e33fbe49b7344,1550
0x9381E7cA2A8A7077A0BB7E59957d815AEEB62c8D,1548
0xb72A3d7B303E0F40F33A3BBdd36FFe30883e0968,1548
0x8fA18b857aA3D0e9CA2f02D08c6bdDA279532b05,1546
0xbD5364500c7F09c95Ab07Ec1d8d9eC49e54C33e3,1538
0x40411Dc3B99F29338AB97365081C2979f1b85599,1518
0x3684116871A3890d447D79D9470e2a97eB6ea6f1,1511
0xC787954De69D01F8707448B442A9d225441b08A4,1505
0x086ff8a909B3082b07541BB50a41A61168E26538,1499
0x6C4178947036d1FDe92F6796633d3bE6843C2a48,1496
0xB776A168C04780f0663F78679fBdA0176A1Cc385,1488
0xb353D1ef1668c77772Ac26058D7f7ab58ddD39Df,1473
0xc0AB0B985b9c8db2A0064e9dB0093e259bbaD632,1468
0x0E5b9Bb138a1Db16Bc604C7742194F94E4A359D2,1451
0xB8914523b3243Fb3bF041561cCC2Fa2e535E69AC,1449
0xbF4c796931727fce4b42e8a7F1b284681A0d5a7C,1442
0xeA61feaabfb34d15097f50Fb13262b0Ba18130D4,1432
0xFbA2C7857f480f0476241051fCe43fF1D2231a80,1427
0x7dd6f3611C234c3705D8F21A6df82FD0A4B5559F,1410
0xc4F6a96846fcC8E773158e34d166a40B3Bc19898,1396
0x35888489E71bb79735322Aa0014A18f288Ea7D65,1396
0x12d738813C34159ac5c906e1Ed46B6B52Fb5B4a3,1388
0xD03B16B33C8829e8A655Da814bd401A129c1b10d,1362
0x6D9a49828346656c8647Eb6392cb50b41eEEb822,1357
0xa5d5BE9DF1741Bd5DC1ba6991BFA3aDFa13F3ad5,1353
0x463FfF6B2eabfF0CB63fc58032d7Bd1E06F290b2,1351
0xc3c2D67fa42525737a4906e6A9e3c5f8A4a2AD73,1338
0x594Ef2480db681c1Abdd1BdB049dAd2c3Dda2199,1333
0xB1d415AfFBcf018F0A39D996FB9Da210fA7b6124,1331
0x238D551B57CA6BfE07dbD91C28608109cC04e584,1331
0x66B41e7A349A42590FC4cd6433aE18ae7845D622,1328
0xbBf15e008535cB93A7e2168038DC316c56faf791,1319
0x803cA6B63116dc371C51bdC6C3eE4C6EcdDdfCf9,1319
0xD6875af3995d402f722c1D4c9996e6D3B88ce57e,1295
0x3A6E812141585Cdc0a993e8f607cD8778B33C1C2,1290
0x88A6878aBBAA13AE9918BC0C2e7300d8cB3A6b58,1276
0xCC5B6bda525ec7243e7C4406af346294244175A3,1268
0xfE6776498f7b814A6b7b69fc37cDf8A993B01708,1251
0xBAF6610405Bd8C60432fBd329885DAE617E647CA,1247
0x12c307DC92B9e3Fb0895825264726C60e757BE57,1244
0x7b3353D7475bbD9a1D21AAA77Ef2AB109777925B,1242
0x8385d6c31808Fdb6Fa2571BeCC590a99F55C0C0F,1234
0x661B77b7fC149192ceaf85aBb2321D8233b3C77f,1222
0x1950F983785B4Cc4296CCa4aaE4156855dE8Be59,1220
0xF28570694A6c9Cd0494955966Ae75Af61abf5a07,1219
0x746684b902e66Ae3478938b6C1aCF31803f8B6e4,1218
0xA971182cEEcAAC649eb6E8d4800ed8Ddf0312106,1213
0x71b6698F909C8CFEb0fFcA7FBc31903e9068E3E0,1204
0x361e4164F1AadAFd9D0BA75289ed71579061A99c,1203
0x208ebe1a850e9bf76545FaC64d6cbDd373D04a5e,1196
0xD9A0013af48591f8524280D6f8f98189cef45308,1183
0xdB00AE79cD2C1c43A23958177f64469d23CcC79c,1179
0x8cdD5B195f0b0922CeD3A8FEAFA80EdE9eBE0299,1174
0x68bcB0EBd671398dD33CD2dF4bC62e4675317d87,1164
0xa4a84bC9e5D8E34D1dea7959fe5133C0a9A17C1C,1150
0x70F11eFD9130a1DdEe90C6Bd427c8CdC5D8dc073,1144
0x70e439584Ef1BA300106b9c16543eaa1DE676Dc2,1127
0x568477B8CD0AE19601Be5C6ed1C4C9d6E721B5D2,1125
0x6daFE2fee31a3e23f41b469da5AaBb4cE5eFDfe4,1115
0x65609105a0669aFDF859d86C8B5c29BB2681789a,1114
0x7ed2ac5Ec75f6Ec6e1211217f8C99070cB41D139,1109
0xf9bFdE3012808cc07058770dDDa38774b080903d,1090
0x47add9a56DF66B524D5E2C1993A43CDe53B6Ed85,1086
0x579435914E1d9fC5eAC3Ab6C15Cf6Eb7CBc09669,1084
0xE214fba86BeED196AaC68934bF4822C1Cff6B0b8,1084
0x505151DbCb7BCF88e0b82E4c8d11B7FC96604099,1083
0x2Ff445C7f72a85dB44659Adfb08140C59c4592a4,1079
0xB36975e9eaeB2a97Bd129252206a9541c4D0300F,1073
0x3204bE573C79b0B194E092CF83AEAc827339C826,1070
0x0f07eb757e9CB874A55BeE5835d3430E340F9970,1067
0x95e779184d0De720990F02Ba069F486989DcF7Ba,1066
0xA6DfF624A21Df02a3B329Ce7B218670e5eAC0df1,1065
0x70bAbDA6bE3a8c531D2a3B1FD2E182E4016b7C13,1048
0x2D32C8701Bcc138b7258F63Be4952356AD3f9d94,1048
0x11315Cce8f009e4CB4234FFEAF2E860b84E5b0f6,1041
0x26D914064191e719F6399a976F2F0D27ac1943C8,1034
0x329f4435E0F22899b733756c71AA12C1004146B1,1033
0x9dBe79Cb24c6F5Fe6B07648a9051804b3C3FA72a,1033
0xfA5910031fbFC760fDc7dFA569113B139A45ef74,1027
0xF6F4ECDdcA0AD9BF77d44767Ca08F3BA6e855dA2,1021
0x642c76D07A8a4d0a23deb09A24E9AED5F02D0f11,1010
0x6ccb04D19DCCe874f67A8BA58Afb889d6430828f,1010
0x7AC6dF8264dc34aae8c7f7f856b931b6310Ad2Cb,1000
0x39c73c1fEDF4976A3f5205f844E31F65C08044aC,999
0x9d64191d2928FcfcAcf98A0c2AE28C078b28f8c4,999
0x0ee92701105a7c639410eb37679C389f0509c138,991
0xC73f98C8F5F0e55d3488e3aEa307f662Aebb3084,991
0xde6D22B7B9ff1b05aD580e073bFc6fcc00CEb561,983
0x5A2E1BF1a7f2A2979c69941ABf80d99BDB4cdCe8,982
0xF75cD3Afd55213aebdC50De32Cca25BF191Df49A,982
0xD92cb05521e85CF9DDD2aD0fb4A955C6Fcf84E24,974
0xa3B64966A6C9DfA52873d2Ea749D40c2103bFB91,971
0x5CbfcE8A39CBE662222BB0E5a6C3989bBe11EEb7,962
0x4695E9f31a9B932CDec4565C5A9d0596e0191AaD,959
0xa46B695D91F4a50e237479bf71f2Dc7e0c9b5120,951
0x55DEb908e829145dc0b01f157245534146360E4C,943
0xFb408FA20c6f6DA099a7492107bC3531911896e3,930
0xb9ff77e77EC48E5Db3beDe33A9f09E9cCE4758F5,926
0xC33451B09272F93a38dab1e838bb5e205C9FdC64,918
0xc043e4e07B412589435d249D42E109Ee043BC924,918
0xb014699837D9eDc93D0Dc53cEebD852d83971677,916
0x0F535e6e28832209E80958cE6C2c824355a655A5,913
0x88cFAda6460030EAA7D06d8D4665e55546EB8DBC,913
0x79c1E502c1E02E37ad0E40Fe7758E8E66AA2a5D9,902
0x85Dd1e6d9603BD618701bDd4646672dfa4f3f555,901
0x4329FFAE86073127d8E63e80E18Aaa2a1F842d36,898
0xF50BF4cdF303F764155b73C42746775EB0b89a75,892
0x1591b633D659B5447f87EEF665384AaE41af2E38,890
0x02d3D6FD21C11d06232aD329794Ff3B840672dfA,870
0x60Bfbb7e79B1F7AF0Dc513E460dEFBE143A1bc21,865
0x39B46c8fC87C1dB676972073274EbF57aDd73f10,848
0x412f1D8201d2D2c51e70962fd991634f7E52035f,846
0xDC7B182C25Be76Ad2A123ACE62bC61287A2b3e57,840
0x4373C57d71FEa2bccbB05c7A9587037a2BB5b7Eb,838
0x13f4872Ae6d6207FD844129FD7B3448200A034D1,836
0x1C74b67F9C6dD986E4735B3e2b34BC1eaA828A20,835
0xbA3AdF242d98D220bE9CF6a5e3Bc3543FB073470,834
0xc89A59A8Abc70477fd7D36E9e1C463f924E9e122,830
0xf0717a7b8c88F31a0D415328ADb76E7147c7384c,828
0x2CDc307B7d1a21397B9fF8Ae053d65C4da7D95e4,827
0xC5B8421dd6c1E873ce22Be3b5178bBaDc979786C,825
0x0B4Bd4fb08A2449B63709ec0e89f14C96259ce67,820
0xbEf1E07918EA598eC91a119D0B0E59950309D8aE,816
0x430278dCB2648Aed3237Aa65940A17908fCaF05A,815
0x4E4F010ABEc5d7d75409B469bd0f84EbbA40Bd7D,800
0x833610D45ADf83d0186a6156D66481E69acA2B58,795
0x60318B16C32eDf4C1A88395656209700cc093872,795
0x22aCAe0bB0F68D09407b6AC2D6bdB27C429E3873,791
0xEa954F48D80Ba5572C32241f33020E9B09085338,777
0xA0Eac5D90Be5e6346B22895a207d49FBe9711447,774
0xE2e60A1bF02c7A2a0bA45791cF30B99F2A6aFaa0,752
0x8C31b2689d13DC41653a3Db881Ebf94Af83525C6,749
0xE78b4b5F420e1bc5f9C7bb9FD4Ee0CB585E14f8a,748
0x43BE52dcF7247BcDddD7bc47382d30133bf0fe11,746
0xe44B88DADBaC54bA75BeAa07aae99b243B0B9f87,742
0xe66ad42B8eb918e6c062e01b7d3DeDc41Cde5633,730
0xAc7e04b9B3757cd94EAEeC4Abaa5b754EC2C0f88,728
0x43ceA538CFaA1DCB91e300dbF5C376cFFb879072,724
0x410c26F2614aE78dDDa5d140e7A95ac4aa343629,717
0xCbfe730F50311793bCd5D3219c4aEE3D50506153,717
0x0B9fe75aA10Ff38fb0Db265b2581EFbD8CbcA83C,717
0x7Eb7F38aDA7dc744930B0c03CAfc6f8edee7F524,706
0x8896BBC5678D57347d1Bb98C9842c5E9cd49B8cE,705
0x03673e5131103e54b713f537554ae597C3EdcF57,701
0x3F496b1B4C8F38E495C64582b810bA013D97E52f,701
0x9edc4B84dD7DcE49daF6Ab6f126B36e760DDcC3C,698
0x149D61C8B4195762990c1b7B74E88dbDBaf6f821,698
0x17c22d6b3802527FfA28a951bDF38b79C138491D,697
0xbBA84d4c1f7DAC2a3C3d8e88026F01C9afd6214d,697
0x2EE161039C8551B505082619Fe117f488c072038,695
0xC601C9100f8420417A94F6D63e5712C21029525e,688
0x5f620F8F25996417870229bfcD2a081e9db70025,676
0xCe8EFF59F6e5D15D60fE1C427f4205f311E4C84F,671
0x38D01bD06465Ff03Ed74ffb314fE2e878d8Bb3dA,670
0xd61F2709bD1d1D206983284BE588edf04658327c,669
0x03ddD5a675e2cfA35b9aE2b207A7dbD95FE24646,667
0xDcEDF06Fd33E1D7b6eb4b309f779a0e9D3172e44,666
0x1251808B55a93A2AC68cBBF309B7ff411F3626E7,665
0xF98B3aEfac3Af24c5A98CBa3aE1c40dA6b713c01,663
0x275B1224Eaca17e04e8c160259867a937e8Af249,660
0x84D98eB05A562D98f97e47011340D811ae55Ab9e,659
0xB4909D610e96c7AdaF65b8Eff73A1F793569FD5A,658
0xabc02266E32DbA984bC324C04930dD6C9267811A,657
0x40Ff919912aD1e571De709A147aA124aE7017Fdd,655
0xAbba833e2c9F66254Ad3632C08df78A629EdAB7e,655
0x295Cf1759Af15bE4b81D12d6Ee41C3D9A30Ad410,652
0xaCCbe4A95776c87b7Ec8249bAc85E4b524Be0C0b,652
0x44646C1823433071cb4d60E90738161F7a056cc1,649
0xDD70995447f309Ef03C52aEe6721063aa72B500e,648
0x5170154fa169a6B4f5A44d6dE0a3d2d153B60ee9,644
0x40d7f712b57d62B7D8f06785aDA799759df056C9,642
0x2fE7dF4DAd91Ef6531Cd14fC1C109D2bA1755203,637
0x1033F421E002b357D9E6928671A5D34F61F5dFD0,636
0x62981dE915c2BF378f16DF412957e4411eBb8ec6,636
0xA5394b0b394296D9C32DFb7533919a21E7757b15,627
0x81eda1Df19687E95A4794907F1657A81b7DD51Cc,627
0x4C712c44f0f7cD88142c033f5ed2b6C848863819,626
0x1F4f12fd18d569212B5EC4BDBd1cde844952a4f4,623
0x13774415dC5d920679c23C36e0C9589195C049E6,622
0x9A1C7932d9afd82723884eEf0E2343c234E6b411,622
0xeE286aDe397f7b66C51B18eeD7f4CAf32dA2Bdb3,621
0x5a5f5a4615AbC191C10b9E54f6cb216748F797d0,618
0xF004830f1a3AcB9d0D0D386690E45D140332124D,615
0x84d0F74d21a89F86b67e9a38d8559d0b4e10F12d,613
0x456e3A57200477b4A7dd0Aa23355a3781e97321F,609
0xAFbfFaBd6FcE0E45f26F5C0791bdE56696aD185A,609
0xe5C066a3cC3c12eF5C6bbd13E18078E61a8d004a,608
0xcfFA932ed8e2b4491e18dCcB850AAE83F3ab7Af0,606
0x677E864d7AF10a8B348FE8ceb4Db57822A5EE134,605
0x06112AcB687F28DCf7BDD7613dFc41985104C0b9,598
0x7DE2934aeaB025EEdB3908111a60b2B019C4F1eC,592
0x1fA5F391F46222Cb332b2b2cC6Bf0941543B6612,590
0xe228C34252bD874C489c2A99e03476162d74Db02,585
0x75F3785B330aadbA5DB31535995568583EA8DEA8,577
0x60Ee6e31D3e1a2D8043867bE1869297B72832541,576
0xEb291FDd2e5aBb32fC86Aa73d494748Dc7C0ef6F,574
0x74A5B346F2cccf06e2127EB6680389E7D8953c80,573
0x31d8c2f657ffE182330A854b69360F60f73ea1Fa,571
0xA33372d205dAfb97bBe5434B83FB2C9feF58320E,566
0x202cD20E6659f4fC5875e60cF10819c56Cf2cC7B,565
0x6B15d012D035e2cE5966d6b3DDfDe4E1C214B2bD,564
0xb5F983102a51348AC9AC0AB718BD4E7f1098b005,564
0x88b3E017Fa1E8B5176703d5445c1451559cd6A2F,562
0x2724CBD9298b03886d169305B3DD67E5fc3c2678,556
0xf03281cEA3893c1d6D3E10e2366AA5Fd5fde6B2c,556
0x287490e8Fb812e0949e039DeD08327f9DDa9dad1,548
0xAcfeA9894375f3069AE7afc4c93C11C8e1816a9E,547
0x379C132630Df704eFCc1932E4EeF5CEe9aEf6c94,545
0x64e4BC6401F96d678Cfed475F74ee9c33b1514bd,542
0x4E91eccE2508fd8eFF1CE7e98923de0659412eb2,537
0xF1230522f6B4D7104C8Aa1F473DAf5d117fB14cc,534
0x32B80026753267331cB6CD161C6E12d6dA437262,533
0x19e480F9eB4a1C4a608Eb531F16Ec8fDE1787a14,533
0xEA1cB69C36EC912507eB63A473F42DC05b55C33a,529
0x84a6a7c0674A3AA03e09c026600cb46181821f07,527
0x912113904a58303DdFc5D8455436f99f0C3D019c,524
0x93aa8C9A50EFa30Bb28cE0AD12516686c963472a,516
0xd0117Fd698d6e772500272D8806DE28d950E78fE,516
0xaC6CCad7326eB636bc318944d558ef021Cb40051,515
0xb702e78927c05C60bfb2Ba8CfB011051110fd6e7,515
0xEC9Ebe950cAd79fDE4139714283145137cE24AAD,513
0x8d9fE93FCC1f0525Cc2886A5797981Ae198542c0,513
0x2D2199Bc1aB3550143d93dbcE8140d6B1419ED9b,512
0xb7DFBE8eDaB41Adc205315e6C445542d784EEC9a,511
0xD4DEB9e5F8Ed3E3e59C1d26223b03b16A821429A,510
0x22d282Ef5ec088D3dE9D31CC805Fb5A8f0a90Cf7,508
0x4646a53462a52c372E42Cd79B758A431224febB1,505
0xB6FC44bCf53BbFd41A7C4Ba75c82eF2E29ED0382,503
0x1a5f90191FF1df32e10f1da7de776Fe19da91Ab0,501
0x143E43D09b5165b953FDE3f187b986Ae257fA9d0,501
0x0179856B4D8f6F6FDC1a55876E868a0C898C7201,499
0x94E03e53eb477Bf1223ABaBdE81519743BacEE3F,499
0xD9Fa0a8D7Ed193D1b020f9d4b6888407E6382c04,497
0x8199285ffF46154CE7739Dd836bE91c5Ce4b91B3,495
0x206c3aFf8698fd123938882bD77B3555D89FC58C,489
0xC640A27B3FAe9E2419a93FfBA40C2F4CcDD1Ce3E,487
0x665DB4641Df5E2AE23488E0D3A411c3Ca8c98a4B,485
0x2862Aef8138cD377827C1522E329b11103B03F50,482
0xC018F43CF7284ef19670A15Fe8c1fab788FF379E,479
0x6A5adBd3E651Ed360A64060B7043015Efa35cC1c,479
0x6FBa8565A4bb23A4978f1D97480f2f553cDA0BeC,476
0x9F041636FE40FF29Da4dd05dE0bE5DcB365C2988,474
0x5c3C8368aF88d93a1794F14A16B29FaD22C58546,473
0xe0A611b8fC2d873f6B271CB1De07C0c9eaae509B,473
0x279B7d51E0348CCf6580190ac64976096a44B274,471
0x2a0ff176E1891f66AE8193EA49C8931a5428f616,465
0x87A09bef77c381aDC4f69D12A593A3a2604b13d1,459
0xA825290063dB885c9BBe51E138E5F6472b53290a,458
0x24561DA338B34f2c5Ef49c4F0f0A98c66BB60460,456
0xD613C840Caa8EB854AbfdA79A4b709aa2Ab8e620,454
0xEB5513F156d5d896Fe8d1Ba9bfc850d0A38e7f95,451
0x55077Adef2058CB857c427153B9b6e43dD911cE5,450
0x172b5E7Cd63D8446D740d6378d2A8FA518c2051f,448
0x4dC43ff45d77a5B3a7d436Ea701d50EaC326482B,447
0x3e42A32E92e601b3782a8567af9c8D0f3A3D051B,446
0x48AbA8385449F7ff3a1da99faFe5fE206562000C,446
0x0be6DE56C87dB14D492F135376E9477fb8063D9D,443
0x63bFa294fc3E6B953066D0c9D3F66D1ca8Eac0CD,443
0x0CFb921Ce64493906e8e980E3B22a434908aAC8F,440
0x824e777eb42b8abB95DdFa67bAF9b21f0Bca61b1,437
0x9f129DAf40EcCa5EB8CE21ad2651e01B69905Bb6,437
0x3F18cfF98a76E26b9d1c6E678F0adCDC3C690FF6,436
0xd3Ca8D63A5659a252fF40BF8ACfc9610c22AB918,435
0xD8427794f8e9Af9bC0E027Eb9d4d3ee63b2491B3,432
0x957bc3C9A6e2822A9D9CCf9Fe808301a8757b8CD,431
0xb3A1E9f382c759bB79312c546E83b55338E451f6,429
0x7442Ecc6C7545001Fa111b2536BBC1162B01646F,422
0x389E7CE501036d6028ccAe37a1F2cd4Af3F17950,420
0xD6EA94F8eF84d39994b1B0e26bFD6542fdc647DA,419
0xECaB99D718D199F652D6c98A80aDEEce5eef644C,418
0x9cf6F27909262A374FA5C7a781F2A5a152b73950,416
0x6d1B0BA383CD362F180cCFe01733b19260cA2459,416
0x74b46c31e1845F8384d00Fe9Fc2d8c0E51804072,415
0xb4c16e9FA59D1C91b53eBD963A46A2D62777515F,414
0x77956a9D1b9901BbE4CFC2ED37DB17500Fbe7B0C,407
0x4bfDd49ec40B84Bf29a4D997518Bb2202CA13E14,394
0xA1a0e331825584bfbfd6c025a75B87C7bA795DE6,393
0x107F8778Af1302676BF2E58ea124B99FC12e4C11,391
0x0f54a957EFb8280DE75A78f351dAE7B146C15029,391
0xa85b784D302723D1Dbb7Ca84D0887cbF4Fd6b636,390
0x4F5838148b52d7739139332c05f9Af354228A174,390
0x6872521c92a3A56939EEE2131FFE3664eD25b4F2,387
0x160a1D0102fF21bE5533E72B51DDd3ECa3A9996b,384
0x8A757ab0de17D3D820A6E2c8516ACC239B4b4bFE,379
0x4eA910Bae54ed1c4cB1869B153420CB84c95d7b9,379
0x50AF212915D715C90373b879E5033d58fc21a569,377
0x540583254046ed102B64DB6417D49c856bee071b,375
0x2819Fc4A6c529ac0E1C2CF351cF4C50Bf4fCa1dC,374
0x58F28991cD324B905f5c428a78B6A9e9afDF0643,372
0x20Bfa94C7D8566A14e64BaEc1B04AaF6ADa843d5,370
0x0e3Ff7Fd413359015909189F72B547b02b6f5A1D,368
0xE480FE484F94Ae31297c9Dc74d1f884Bc0985800,366
0xe48604c5Ab5dC2bAbba2ee37e8E6edDe125532eC,366
0x3096D872E1FCc96e5E55F43411971d49bB137B9B,366
0xd26801387e3e2F883d4D27F1e66583a1F6CeEC8E,364
0xAa745669AD2Da0667EA06624FfcF77c0c763F292,363
0x68685c2d52C8C478221de9236B1d18fFc9261347,358
0xF278aA813aA15EB78876c3D68ce2f57C3eD4847C,358
0xAB35672080f71Cf3E49ad17E5a9AAB5088789178,357
0x12232fadF23141e9f4F9D4f34933F8df0303e558,349
0xE8782E32f1eEaFA94E90704ea6DccFFB8bCd5849,344
0x0dB688a81890Ed731F3e935323707aB1f4Cec9CC,344
0x1826b03d331df21d5Fd72a93549CAfCB9dc2D095,342
0xdb1C98a4323817f1D9e5B2dc28c000012B9ef4ED,340
0xd8e52C57Af6Bd4124b55ad1a016983EA41F4602a,333
0xa92a893F1C237799BcC0f0FD9D6e892836e6ae84,331
0x89dade90E831EBef4b1a1c5ACd9FBaDD0A2DD51E,329
0x9938DdB38D66bCa58E62a9BcB2C5320F27Dd18b0,327
0x5FF001e851A7Fa5f1515BdF0491D6df225D661D1,326
0x642F0006cF66e59f4bc767dBA26F324D36748794,324
0xbEd45fdF5ED82AE94c6fE5051101eD56d6b298b1,324
0xe0b19f49A72E803f157f0d69FD07D697551bE90F,316
0xE8b482F29685190CaB4b9949d3525b61Eeb7824a,314
0x46ebAc76b73Ea4654B2d96D971bF0CEaB2b55f40,313
0x7fD9105C7eB6b2936D8df87e83eee519aaBd53ae,311
0xa203A1BbA228d7eefe6F12465Ef2Dd9082518963,308
0x5a65bdaaFb4f45fbE68D3F05d6feBbFb2E0857BC,308
0xe780d954D6313270487CDB07A1f5B335D9971933,306
0x571246cc386ad2193Ac840cF78Ec8F893d43231e,305
0x2810cfB08161643F72387086fFc345136804Ad86,305
0xa2877367C803246e3009153D7a0DE8C12D02787f,302
0xDbCb594B62F5aBa69A9575Da938a93286836228b,302
0xF5BE441d0740ceb5DBc62d9460e8Bd0e1ff1DB7b,301
0xa0Be4055768365bC268230a6a40EE23467A2B3D0,301
0x8106A6DE35467d3644274A89510ab13635da0920,300
0xe735E1Aa65653C8a9611F7ABDEfc843904A91F81,300
0x570AeBcE39A3D4049165f8705170ed61eE356907,300
0x293233BBF144499EF02bdB96e8EC0AC0D6260473,299
0x188f21519bea307d59aE58c676faCb0CDDd22A71,296
0x9a523F7323fecbaE6894c0BEcA679dA329e06dF4,294
0x268cBDa30Dd229E5F9b084609a2bb9b73b0f8aaD,293
0x1144D94D55F11f2f7504DF1AC94E18714717ec27,292
0xC3238ABb13284a09Bd9e21A592aAaC23927a0b86,289
0x841E65E15f0b09797FF1DEC296198d6aDa1f3230,289
0x082E8018dC7d63f74A824AD15e7e8cF1EC5F473E,288
0xEf09f565f0056033093ff3209D01334b8ce9Cf00,287
0xB409d1ab907a45C1Be87743cFdB2B2c3C48d1FF7,285
0x4eAAC96F2D275764AD7259C303fc932d8f6B1e49,285
0x2808EDd543813fcF418de85BB42eedf3B39ba72c,284
0x46D3e9097BE0bea3106a2fcBe30A6c80C389A8A2,283
0x4eF9A651F8656DEf8454178406eEae16FB7Ca458,283
0xA9c6C7166B5A3111dAaafbaF5cDF332fac23BDce,282
0x60594664D69099547c7425061c7cF10F2df771e7,281
0xd0C887eDaaaD7b0856b8F048FaE4A53d80dE4225,278
0x22c2263dAa8Da302673157056737d3DDe9c1c306,278
0x2C00637a8CF228B8e882aB0BDfCDA22c159E1E6C,276
0xd6481d859DB0543bc3651BB311434E7D87faCE8E,276
0x195bf26a67bBdA2694C5D2E4B4d21701f63977cF,276
0x7E1b5236bAF7e6ba503601c932fDAedcbbbE71AE,276
0xfca452568DdBCb5fE00a02Ab21810f0aC76E6c5C,276
0x03173ca0992DB013cc6cECA7eb7b789bF89800cF,275
0x6fE797a05359C9d91B1F85D418e2ED4Ea6C65a8f,274
0x6eB88fe754875e4DC0cDfbaD808795AAF7a3c78C,274
0x3a9E0Da873dbe52d7869e2fa76aeEd965ffc01DC,273
0x5bE0883E3A609dCEF046F0eFD7d0f174A638c58e,270
0xe06AaC643a06AA79b02601b9635d541Ab31dAd27,270
0x04BA8321969b2903fF7193117acc8dB099F5280c,269
0xBd3e6f063df5113fB25abcFC8E48c0e248E92723,269
0x68a7DeFfaD6f5fE99aD8aEE16571532e527AC782,269
0xc538C60Fb56f5ca2d75e96C5e4B809b9588A8542,269
0x5fAb102d90a9ee4aBf137976827f9C02D97c4d29,269
0x30063e09D297E39A31bc341103fb6A921e795C30,266
0x2d78a19E838a88827749571Cf1a0D381Fd563139,265
0x419eE0a7Cf4879Bd20e31cb431cCD151922F3c12,263
0x7Ba03291202A566d71Cd2DD11271B486792FF819,263
0x40E9AE8eC7afFe5e69cFFed57f64041823C12717,260
0xda444E64a4DFbA78d470E7bfd856e941C2EeB968,260
0xbF626835e971350e751C2c551EB47adEbEf0817D,259
0x3c6DfB5D608c4849d289d81d8bfcCBD48d86d0a8,257
0x777C0318dd68467923e34b6489Cea0F56d297d74,255
0x427Fc18574Fdcea50631876a0c7ccDaB81cF67B3,254
0x0f8acA6bb8D86BBA87892EfAb1E19491c97387B7,254
0x008A7af5d637FA9AF2E515191b8F0F31fE8Ec4C5,252
0xc73EFD206C8291dB36232991E7525b3B5B316bdA,251
0xC4B3f4f8B84501FDe7d7073EC22BF6F7Be400d94,249
0xfA713713B1ACd89A00e6b35512161630d5ea90de,242
0x61AFe834f9F5e58f7646aa35a20CB96daaBbC677,240
0x22dd6267Bc2682A6001e0ADc80DaFa88557A08fa,239
0x335b857469b94daFF5fF510a2C8Cbd68CC400fFC,239
0x235A1D327A1CBab23c9d31dd052595386a995916,238
0x20bA9d5D18bC0D0CECa75D670184D134b3B2337c,238
0x77DE64F47Ab35C1DA6848c328373073EeAaa7666,237
0x2808d95725fc5ad180552B98136F49b7ECBea5b8,235
0x9B6Af078f0eE5DCF827d1F2BB5fEF8FDAD90C5aF,233
0xA88170E2142b0e1EeFCB2041B7f3754f4F4298Fd,229
0x216EaA9a81f01e682F30983CbB65cE32F3b70097,228
0x51ced4aB8A703A7AAeC94F6E6cfD09cE9679A582,228
0xe24759dFF56214433a78ddfcC68aF10f58C8c17B,227
0xb2fB83fCf40Cdb8c22e39Ee81C25FCC3F84D35eD,224
0xf1F62C800C5e42F028F82518a9FBd803d57D2762,223
0x2B77b56fB41901A15e50bd2AeFb15E4a5fbDE018,223
0xa593171108D08E71Be687402d49964Ae06B6AcE1,221
0x9ebBD1FabE12bd6eDB0AA23f6292780b7b2E20Bb,219
0xa1eB063E50bd82f3b511BaC3084AbD67Cf79AfD4,218
0x1fFA9D8A224C7C582a898f003a2F3b6e5471271C,215
0xA9F51db4725f0EAf9d530Bae8db0fd858D505547,215
0xBE60B326ff517C4d5B6e62370702014e4d59E6A1,214
0xD5f769CbC89773775792Def99ece766Ed65BC2c2,214
0xEA8C2091e2b1537B975680480eDf6eFE3B65eB66,213
0x258F73AbCED62b4828d20fD5013FE9F10dDBACC8,212
0xef69748622CC40709cb3c0BD51014B246Fd393e1,212
0x42982465D5DD598EE98406f78eF739A960A466ca,212
0xCA6Ff42933C0c76e9Ae059b495476fad3E366494,211
0x509eD831Ee6b6119b3E1C8f0D4dB552E786eA956,210
0x87E10aB4EEe0DD552B78E6456e8d1718C2673bff,209
0x65A0900d82B360065c1D5b8cC4B5063d574Fa044,208
0x1876098bbeE6A857cDCA1F8B3F034C0061E94144,208
0x8d452c1f4bAE385B13933c83EcFf70D74229915F,207
0xD22F6563BE87Bb5467cF1Fac04d6704a42004F0d,206
0x27FAE9d8F186651A0E6fE084cD4FeaAf2533d9F1,204
0x0e2821b4Db78d64C692431d63236e99867fAcaFD,204
0x43BF8DB4Ca35dBd9343b3f49DF1D82077b51b356,203
0xb56C09901fcBAD33a3d5447D5218123B92DF5156,199
0x8C700a9e36C0a9559f9386c48932F32a0B4458DB,197
0xF43244377Cc1b099Fd06165071E2f41976A147C7,197
0x8058EE173990F1F7ae984348527aFFe7bb728Ebf,197
0x97E51dBcd71A7389a358beBf801a154d0e21ba9B,193
0xd1db1b014513ffCC2a3B204A8483d9243D08b684,191
0xd21c7bc5af33ba66ddC319aEb5724370B28A5E99,191
0x6243eDE8a7C74019489f21c92b2a2E39e20fFBF6,190
0x9Db2aFf736F26791bA9184059CFD487f34837904,190
0x06a265da9505160FB0Ee4d6cEcb69962B8e64740,189
0xFde1541C11F29eeC5E228075040f33f2Ca3Be967,188
0xcc0119B070d9de3d4d77d61f89b0a5E1b3bA0751,187
0x707eF25d4d67f92aC7F62804d391552370C4dD89,186
0x82E7AabaF30066dA0c3723e4AdA8fC4cF85dF72a,186
0x9F710BC2B44E0c44DcCf99997A610daF8532B0dB,185
0xE5F8a81F072150701c25FbA31c910884fA33098c,184
0x3b28A43C08d24B63C7C90b3ebC1F7f42E0010543,183
0x34D7B1c11BeBF407AF7f67F08249A174d1316A6a,180
0xd15e056b2e853af3EDD8f2353172510904498806,179
0xF9897204d330fCd729a65315f4A9773019495D86,176
0x72718B587bB239D5c8ce1278412768c414e44113,175
0x99bb609087130aFf0F45B4fF41CC4Ff96eEbA1D8,175
0xC0bDcA1B4b013f49df1f81e3F69fD68eF5fEe977,175
0x118A130f8608208D6677a8FCa3de3145AAB234ee,174
0x503E6F95a2D85dFabAdBcEa35928C64e13c8cf71,174
0x4f545Eac62b68765D84A19D6A6e532B21C536d20,173
0x1Aa5d7026d5A900e1693f51470a404158Ce81727,173
0x75592081D5FC1c38d2da8098dfE535CaDBe39425,171
0xA70b28883FBBd8D1FeA308b362c7D5Dfd247D1F2,171
0xA9614Ce2AdfFF408877B56CAff111Ba591196997,168
0xF0DBdE68E756105E35E39311CCCC75928dcEd73D,167
0xEC4f2149327eF65b022A632100E33825B2431F0a,166
0x2EfEfC9792789734839C49578f2eAE2737f6C2DC,165
0x9e0C163c5D07AE90c8F805165864D583bbAE6b17,163
0x7E9639b6816B3b2622528bcA7c21764AD10ECB4e,162
0xFaF4FAF993aD3257C4c8a7D26230Fb25d4d948Ba,161
0xAF1bff74708098dB603e48aaEbEC1BBAe03Dcf11,160
0xF7c1E17E2e98f69a5e7E2B7fd5332360FffC7699,158
0x6476cF5b9e59342d580ADF5e2a338633d4209D53,156
0x2ba21E6d8055374B6A279C65c04Fa3ee390FeF60,156
0x36B3dd2E264706e0F398f19cdbd49F1c14239afF,154
0x921013C5AfA8C4cCd8651a8bbc701c5c274A775D,152
0xe34EcdFeaF5Cb487cEbb171c4c24edf4727fdD1d,151
0x630D8A18f26F03A3Ff1387E414cEa7D8971A15F7,151
0xb64DF0742FCfCf334c84abf4Cb18769d808B4d44,150
0xC74c2f26576610CDb88f410fe6e46202d832D33D,149
0x35AAE43A88059214D75E4b5071D05314d987e3f6,148
0x10cdc437cf87a47a30378795Ebabd19E7A0296Ec,147
0x732AC0eA4E559431315d27ef7204da2AcD38cba4,147
0x3317Fe034c5B5F00f91F4423A9072D7B38a5461C,145
0xE85da75c535ea24362E7F5e6Ef0e881C5167826e,145
0xDCB213eDE09Bdd3b3A0a4eBA7b5B21F81e000a97,144
0x78Cc023162C3D105B833CD9B97048C3385c829A6,144
0xAD27C796839B0303a9d4Ed6fAd014B349c927806,142
0xaaDa6c2A4B5db7c67A1fa4882944cdCcC10CCeB7,140
0xeb066e53731d70eD4Bfe89d7862E092d4fbeF0bA,137
0x0F366481D4a6a936c84aC61c1417C83097FAA363,135
0xe9AFfB8f76F7b4417632e2172C4e008FaB2EB11B,132
0x6f3607c227b2470Db1daef4fcb35414fACba5739,131
0x8fB20c72139B2A971Ab814503D61111349f8Cc78,129
0xf97A6214311A890F9E59d755354e01614F9E3040,129
0xFc15AC6B90da461D294E08995f2BF9Fbf943fC1d,128
0x0354731cD99E79dc60Da4D3F35b0777393b0746c,128
0x19347527Cf1CeF2d19d423aE2b5eD2a3A1A72367,128
0xe152B9E7397d4c438B27877f8054241AC7BbF3c9,127
0xBf69Fc67876f25e08038FC0AF1d0CF5D79DE84e6,127
0xba3D7d680c5d5244ae801ad00b1524e2D42B1Ab3,127
0x4467dAc2A4365Ba1cAb33a488312Ba4f5D7711e2,126
0x31C0c5C1000272D70008b4cE28d7a42730fAA6f1,124
0x19bccba681801ad0608Cf907303Cb7d117980876,122
0x0075a0D026b60847A89D1B12BE554BA0fA168821,121
0xd77E23B9B17B9F7AC5357eD1CE8f9B950c56894c,121
0xEdddc164B3491d6B8b644548Ec32d32319ed66bd,120
0xBEAEaEaf567Ca8fB8B0EA9931C74d6107010D1c5,120
0xF7DB29C677c45FCC6F11F34405323Fa112091C8F,120
0x43ee33787b41fC397477E8c581C79C17e4e3f80c,120
0x9c86CA4FB8ecce4D0f31E215d0C7ef1CB2D21C00,118
0x4C71e10fBb6feBB14125EF5bF100A2104F5c1Ad2,118
0x12B26DD6A01D0de420BA2EF485e4152C9b16D603,117
0x91D1edC06ed1661f3B491613C866E163021F5F00,115
0xB35FEfb36052a74f263b625744B2F775c5496ee1,115
0x2e1366C71E9130650c87CC9bf0C86e58bD1e266B,114
0xb8A5A2dF1499012801FeFBd90b26144eF7FFC43B,112
0x66E14A0e013b745AE137E4724819C5b68B82F001,112
0x9687d7C401bC2cCBf6471cE6739EE3281a31C383,112
0x1161F22541A1aF88DFb7aC3628d5F66e4d4e2202,111
0x5fa306a904a171F7a64a7D9747c08e90cD25bde1,111
0xbdfb5094E7013D186DFaB3f2Bd0724ceDFcFEF6b,110
0x7349A18039B9a6bA51E58bAb714E5835bC934AD0,109
0xC34E4E5C3DC4544556902cb44A916f0761087b3D,109
0xBbC06c3BaC507Dc541dA1fC233598B3bf79b118b,109
0x3cDDaBfe959eDc257DDD42C1AE8d5191913D8602,107
0x763C5E793EaDc07B44461d9B65323eA43dCee551,107
0x549eF668cEBeaf69B16b831E83B79C44c2be7cb8,104
0x474017bFc7a692782C41Dd01Fe437823c3aA4a85,103
0x0d9290cA2260A6420d62E0c4ba9993b829f987fb,103
0x602C5F89273C785a42a67552149bA2c1eb574E4a,103
0x1Cb44F450905a9272f1a8F0369af5427712dd233,102
0x722B58ea8aC61149858756fCCe2dC19ebF0BC249,102
0xA6818aaed662bDa084CC8F3c9903C557705Bf171,100
0xb83420956f67A31b8220F09891c8B7d39428E286,100
0xd6657E27678Aa2F2a4eFc250b0C99D4E8f6e25c3,99
0xCC93eA88d342623d62E073e35f9D7b805E8a0AF2,99
0x35a44Ce66A913bDd293E90142944010ad08d08E4,98
0xf4E6232d2f86Bd3399D956b3892d6B1893e1e06E,98
0x3B9F15E443b9B2B55Df08c4e880e72df0b512e40,98
0xd1a44F060015C342e85Bf59EA9cf1E930Fc14ADF,98
0x50bdEc78AccabCb69C8Def25c2a403c55C4e9853,97
0xc8De7D523502F329847C1fCE13Fa6d928C519666,94
0xB5c5e5750d7fE2a51d6a0984Cd648BFBaD54e40D,94
0xCf1D56D6fA4f8A3404106ef4765C140546D1E5e3,93
0x2B23E81925CDc86c107069427d664Bc36bdc0Fb1,93
0x056D8442db670C37005733be7fDb131fe1fADF77,91
0xD41Cffad5fDCAA3582CEc667EDDA230fe1717015,91
0x29eCb70905bc062c7203348F4c5D6ab7d1d91f12,91
0x2180E33f6105fd83B2428dF9cF6ba6e962388866,90
0x7aB7BA8d27e4fdBC68253d491060B1A029742D90,88
0x49d03Eb9B870D200d59697d81F9196C824Dc12a0,88
0xB339d6b0cC124819B195acbDAEca6517bCAB2DEC,88
0x02BebA6E034d547c685Fd496dD1EA783C355fe7D,88
0x365a490a60d0787fA84861C48D4CbCb06e3e8D77,86
0x9D3C53321cFA9D08660aD32e09C7Ef2625b16E67,86
0x99e4b3a0217f7e45815CC7726CaEeC63689a016F,86
0x22C4C5b915c43113448aBEd70b717067cdA55009,85
0x08a9B4221A84Bb39Faa7D6fE0F7664EFEc9511aC,85
0x8b932f5e9B62BBA7fC468396DD628aE2DD88cF33,84
0x46F0849Df698b6c5e31936b21EA28f301fb8D7E2,84
0xcec176E7841b5634F5450c7e67321EE8d1945eA1,83
0x26ff2D8C08347eB5E90c2CAf994EaF76Cb986bfE,83
0xeC4e8C7C07D49Aa58a017bFd683f23AFfc73d1C0,82
0x020F8ad7b66634A4846862C944a5097F755E1DFe,82
0xC7F3A66f240B174cD4687854BC5cB90b592A58d2,81
0xbC8B718bFb350629eBBDbffC97e58cd156c6308d,80
0x375bF6aBC066b3F17DD1Ed9372894Aa6a03CE771,80
0x633516b461959166290bA7050e4630C85326F7ec,79
0x9EAb072FfEf8Ec8795954AF117Fe71c2093b95D0,79
0x11523a61283ec0247a2bE205AB1b041651c0de5b,78
0xc6F959260b0DD56c0668d9c7ad1E7467Ceb5040c,77
0xa87d42297a9B7435FD1F72594c79bDDddB728243,76
0x3250A55dab0CF3eA0C0d45040a80Bd70c4355999,74
0x9BC8568aa1E0aa72131bd05373E27a90C7602B14,73
0x2667d8eB26d0BB21f825D529F413CB33770843B5,73
0xAF46659EB279b07B277788236A92D2D562886D55,73
0xDcb56bB00e63d1efeb4073d52AbDa39f4dC201f3,72
0x281b89402859ebcD45DFD6F342B695d766b6ebD5,72
0x67d3b97634bf1A7a8e925Cbb45a538AF236c994E,72
0xacB4fDaD0a41094065fA2740f1991b2b4c043707,71
0xC9614b062E83823378178D1d18EE8c791e3089ac,69
0xE38654c1faD1899f42727B824C320EE201C864be,69
0x9A4ef4c3f312980FED97C5028e6E7B1e3E51015C,69
0xF48b33910A2db3bE8D9BdbaF31B4577eacDA07F3,68
0x6638Dab66944E297c1880815A582787680AD6f80,67
0x9A58A9D7F9F516469E0476BC60904877B2697CC7,67
0xA91194363b0A498e9d8602a866C473cb7bc9467D,67
0x5065437B763281Fc9Ac55594e8a44f5D318A4eb6,66
0xE28bD436E6aa6215af33f195275485F6B521EBD0,66
0xd539000bBbb68fF5db8a72b0F5Ea56c8a32FA40F,66
0x432FCd67815D5cC72808A7815a02373FDEE7d740,65
0x6EE566C9E985e693E83E3e31d571831046d6E5fE,65
0x56104c121E93CE3C125Df4276d4195311827Da5c,65
0x5C1c1eD6F6671fF45A1650472796bD89e876395C,64
0xf15001917edc3E7626CcAc47d2f03f2C7f8418dC,64
0x1Fe82beA7Aa95e9595777A10712a4A60BCF9c6Be,63
0xbbb7b32A5e384829FA67E200041d64e4Dd8A6105,62
0xE66CC61d0c57CEe9d5d09A6737928BE32CcfeE17,62
0xdF79a14FBcad457B23DaD6aA0c1e59FE976E048f,61
0x5446ee1686AA82A0A5f9c300173244Fa5eE087a7,60
0x4Ec3fa22540f841657197440FeE70B5967465AaA,59
0x8758DEd34D0Dc385Bb694A8636113cA51eafc6eD,58
0x3D33F5eB83c782af66C437A7585ED9d33f180172,58
0x042A4b5F67771F82F09C7109C5b022Eb72C14876,58
0xCDd35148761FFC68931bf3f1847b6525c1E146E3,57
0xAaE01A4132e43de63137DD4a4AD6f8Ad29F48A77,57
0x37D92a1bAB189B2F58975c4ee6210343F3E926a0,56
0x1afC084366481Cd4E27Bb22F9EB5E8AFebaBC0df,56
0x31BF3C0Ec52e397aB2cAf4Dd1495Aa6079eC3ca6,55
0x8a7190b2DB6fe5e6551180ddEc53AE138BB401bC,54
0x8D560B3BA4d4Cb91F7e1ea69ce0d652893799eAD,54
0x30aC539A94B484cE2B14955Ede8d69820c19efB8,54
0xE414345A87AfFC44EfA3e8C59bdb201713987652,54
0x80500e82BE60A826f334BfDC2C47c612A451FE95,53
0xE99c687129685d73C89b24546B96Ef65d37cA504,53
0xE2CF10Dfb2E06cAcB5B3DdD6d5011FBb534c756B,53
0xD30764276dD86f7D2456589bB04F5303a84B2391,53
0x921BDA0E1a6cfF3b8d0287e6F1d4cdc73F968996,52
0x5cc81b8EA0B9F4b990C039cEC1a5d2a999B0f818,52
0x6A902f03FeAD7B09a9A3a46b566EaDAc4752b8d3,52
0xdf96A102201A497488843a1614D56e902Cad91b2,51
0x505f174B6f7A350F72c2c81E5a1cFD74038954AD,51
0x398af59A5F4d61eb80065d2B9c0277772E79E058,49
0x2ac7dc4813c3bD12252b69365d2F46231E3F2743,49
0xD9366e6595AB1a5C137c605A6B90737Aa8725f0f,49
0xB624EFc09BEE8E00B8B3a0C7b063a5a7CBE6FA13,49
0xC1e94d341253cBFdc1C760A2c5918Ab48a8997A8,48
0xB2B499B4D9B22b208DecF64e92d4b0C91cce1525,48
0x1D904c5fF057C8ca8cD88EBf55e4D8d53b423FdF,48
0x5d273ac4e14e195c69f74eEC0427024fCD566fC2,48
0xcc83B49f4D4c8f74A1bB0C19513Aef1edcD59828,48
0xC05f19926beC6e2c7648D93B1343aaffFadaE479,48
0x00000004c466c98c26bE4e4E7228001F1FED91C0,48
0xF27AaFE4b30cD624A79DCFbcA26fB5c938871E89,47
0xe8ABC65A4fE7d2bffD313a554F30818e3ede2EC8,47
0xc501f0f31e93a23f99705a4B5d64664D05aD97C0,46
0x6Cb9c6AF63F827AF06D159d00A2Ac82B186Ac86a,46
0xfF08F103A63A653D518bD9f8A837b795c6f110c3,46
0xF0470337b70a1281fD3372498d8fd8C295FA013d,45
0x6482Fa1ea95bf81BE9325d709Fd77B4860CD55C2,45
0x5CBb631247B160cAAF6b86E4356b2E279d9dc9Cc,44
0x10F21ee9c9fF00fF16BFd51c941a36A999634b9f,44
0x9E1B8b92E5b979E566c3D6b17dbbf5Cac8d9092A,43
0x9a3ce1C68A9798D812Adf47206799b5F6D98a3Cc,42
0x52277B361A8A90f300257E86A687e9B39a087341,42
0xa944F209670FE143de543d481750650a68bc6916,42
0x1eFFA1EF0d01D3774c9b057FE9e34bb07c4bdf25,40
0x362c6E9A48D8eA1A19f280857fBF7f1cab520058,40
0xF3B7B6065DD815fA4EFBED65b41E27B743426000,39
0x558aFca8d68F6a7335837B06ce218a234978225b,39
0x92a81eB7947384AcC5Aa7d45330d25F93bAb33C8,38
0x4BF133835DB586FA89F0294029e30dFCf6D190e4,36
0xA6111e55f43B7122E5682c16c339d071Cbf7201A,36
0xA67FDcE246f7d442BDBb3d9e286D4d5a59bDC8B7,36
0xE7736944eb074BD0708a6D02F4A4961C032c072D,36
0xB1ce560618e7D983C4E5Af9689c8248B0DC3aE92,36
0xA0baFC7f0A066Dd8Ed89Cf29D90B3032c91B851A,36
0x0BF23d8837DE5e8F4535aEccFc4c9C82D76B1441,36
0x32c5D917B60aCE48BA68DA455904Eb24c4462B61,35
0x592D7a278234308f146B9425dDc3ADeaaE34E2D6,35
0x72d8B0C06ABa185b6fa872FdaA1a4818629E8464,35
0x19BB9D8E2c056d693386FE457aFF8e86f0D77C4a,35
0x7f8DA5FBD700a134842109c54ABA576D5c3712b8,34
0x9245438524aa65b148bEe7dc3625E1082b497A48,34
0x6f8d1c0cdae874b472CF8486Da6C2ba926b40a87,34
0x9348F6b5324d14A54e6741f1787FcC59cB61A9Ea,33
0x0B9CF9A03b6029c47E1045d256CA18Ee9232939F,33
0x07bDC7630Bf63439eE4080a684651650C7966155,33
0x437C703a481B0aa91EA5939AEA2035749Bf04389,33
0xD3c6aB0158C0Ab1A13908a213B6eD7A9155Efb7d,32
0x70922272023357e07D7152656b13129C1A01a100,32
0x00D69EAf25a939a2E8db6238C9ea055ca9633571,32
0xff99AfcB2fc368bB97Fa13c9d0Ec89da979F5A00,32
0x6a133554BbE8DFC7b94f8b5EEC549473E45496cE,31
0x2FEF9b01eff3aA24803c04D2f74f66719173032f,30
0xA1b29e7db725f795CAFED40223445b805F0c8A7E,30
0xCA3c4A6eDa25E2D1a32F5937716c2D31b15b84d2,30
0xad984cCACe9620Cd072DE14691A3075b75B09b17,30
0x744d17684Cb717daAA3530c9840c7501BB29fAD0,30
0xcF2ABf3c2571D7C1354B69C88E0d4667b2Ef8771,30
0xe6918fC13f24aAd496D73737EF2ae425178deEC5,30
0xCb04491e73F300BCd1064dac34AEf33c5D976eE8,29
0x0AF653015973609E80b574B7765039c2c3557108,29
0x29422ECF687328e0E255031F05c74F95eD0A2780,29
0x37d03548C16840b8C01911402317F664960Aaa75,28
0x64D0Eeeee3CA0818abc6E6d717a842f405d71044,28
0x28EcAb16e94673f078D0A3453929c95C0B367F7B,28
0xee449828ACb458d703112fB3337FCfaeaF9b6Dcd,28
0xE5bD7564005D4dFC592E4AC71392483f57043d12,27
0x6e91973DEE716Ed6859E7bB689c9BD2955BdB96e,27
0x2f7479Ad52a75EB90A9b2acfb296a39D41828c36,27
0x04a441cAc6e442523669449c61c5ddb33932a364,27
0xcD10B401881BB0DB6bEa11Bb6146bA96F0Bb8BD3,27
0x3A1120dDA31b2072f2bA82038BF1998eED95A60c,27
0xB7f70C730e5ab3908d37883758E96cCFe9D7c7F6,26
0xc0C799c949AD065dF04628f036f371F12C6fDf5e,26
0xBaab80996E31DFeDc754E41a7101188b9830C842,26
0x9D226f4e67A0d3019e1E6D075D48c241e52065A4,26
0xF9422E6C176602B005A822E7526395C727DEE3a3,25
0xc8c897E7D0E166C2A6EDE2605B66b459Bc463F91,25
0x50662aEDe1e73a1f6ffc6b3bBB1EA5C4D8083eD5,24
0xB52A6f4E23f4A855EA822E3f1aA9634175E1f417,24
0x2a27059c325389dCb955C0CcDD94E00cae5cb6Da,24
0x90160AE7b93D999bdcbddd5064eeC787dc63fE3C,24
0x1aFBbaA94f353Fd543D16d6Ce99f0346f34DF132,24
0x24f5FEd80e616B9b672E14aB9Dc6E1fA1ee70E6a,23
0x7579C564292F8238259eC57AC85B9421b8c8012D,23
0x2A7C1EAb15A05bdced978B163F45d7774856c161,23
0xb0B75B2263513B257351342bAEb2171b7D370373,23
0xcD7eD9Be17885CF768D6948A06a732c5BCb9A4e1,23
0x3f8f1125AbB4F6B1F20A5e27697D9deEf678ecEA,22
0xE4FbCb8c58325BB0c095561F551f6C1fa7bE5b7c,22
0x0647e89CeE4B51C63af48B98E230D3bB72A764F1,22
0xCbCA2368ee25C3B79c5bC7E566E429Ed18072165,22
0x32E3dF7bC12770FD56cF984ecFA50e4892eE00a3,21
0x864DE5bbaf4b8c808E94a8385B95B0855d170137,21
0x336deD07aCa055ca6789C56B4D86D645A8551674,21
0xdECA23F33cd83cc72DDf351c6eeB57847f67D981,21
0xACdBE69Dc5efefAD773F4B3F307687E29f4Ae594,21
0xc0dbc44dB7D9f07B919932FB9415d11030640931,21
0x9D6d51C7F18FBBBB42093d88E8220D20ed1BfCA7,21
0x50d9Eb30390a5B521c669B66679dfD630ae47499,20
0xFC857b6A6BEB11acF2524DAA4Ceb6B6679Bd64Ec,20
0x9D55E3bABEeBF4e24EB857082586aC7d21DA0E4A,20
0x4892f2c5b10E905c5609Ab7f45F318AcDD6fDEF2,20
0x67C5cC9e50b6B4fda46589Bf0d1aA3bCDe3D74d8,20
0x07df760DD27858eAD253a32e63BEb00f7965C263,20
0xFe052AA2B793f1A76065C6481C7ED51ac5BA30c6,19
0xbB70F7D89A33dc4d7FeBcFEF15Cd2eDaD989cb52,19
0x5d2F7E33e1f508b4952A5338d1b82AD912b780EE,19
0xf7350107561d770b0F58807B90CC76B97F9AbFB0,19
0x38fBcf5f5d829883F5D004025C9599186Ce64360,18
0xEc62DbeF0e48b82f6FFe1A5B469f428a5c1d0862,18
0x941D795F9c3A947C67e2402450eab0B6cd92d422,18
0x21e4E28ba05B6955FE720A08B1eE3d82EB0d84ef,18
0x6C0cd4d319741444E2Efe0E72486a55490E32fE1,17
0x0D8Fdc9529fef658d751d36B07e0980e7a666cB1,17
0x0D7b150787F7a7745c30676035dD44911416FB2d,17
0xA4674F1d9d37880fe12eB79584CA338c199C226a,16
0x7D86D1Cc11391Db52947581D356827e6507f8393,16
0x95F2D270D6a0cA45f2ef5BAF573905be36DBBC06,16
0x68b5161148332Fa8da027512Ab75B07f50a0169a,16
0x0230059EA4Bdc2a4C54dEF52780dAEc04121CfdE,16
0xa0027d5ce4a37ED1bDB7bD7655e0D306E8Fd7c7A,16
0xB32e1CD467Cd9d0F79B76765Eff0f7531b6141Ef,16
0x9000B2192d3e96Ddad64A5F50Ff2dfe579373901,16
0x193F0Ee42a199A0CECD479a9F09BA293eB1CA357,15
0xf3Acd997E1fd31DAa207AEB8701832C6D998e72E,15
0x47C49646378fbfEb395EF27Fa771FFA62a8E3AB0,15
0x7890Fa91e75a6Aa0653b2c690cFA378374834F65,15
0x7CBBa81f93F6eF3B3E0F2ADf0a27F843FA3D6D78,15
0x890C34E2a756716715F61ca3eeb594B12f885Da4,15
0x76347051C3220CeD0EcD35008e3868C0a2902497,15
0x01974549C9B9a30d47c548A16b120b1cAa7B586C,14
0x8D8BDa55ED78035947597CB64F6ACa72739f0580,14
0x55688225308B5783fDaeB985e359C4ab36eaae6F,14
0x67B2167102dD09212525BAF304C23B982706cb61,14
0x2737151DBFA1C58Ea5df344eFDd3FbEDb3986AFC,14
0x42fadD77A658D76F9675C8Df12c2a9DEBbCe5958,14
0x08A3A43310801Fc803859EEbEC012b40c8ef6271,14
0xbDe1eeA4c88fa047D3804b128B43f24443477648,14
0x1b5915a27DB4C78e1090fC5c0C7731b773bcFAaE,13
0xB13f9d9e140B2B7c33D7376Be60acED399237064,13
0x8Afc4cE8F655BDD67990ab9E9E1fC6108dEF4aD1,13
0x7e0e2A962Fb6a6842d6D1C4973101e139Ea77811,12
0x7D658841f8Ba93299970f6e765C2CE205f1E70DD,12
0x104BbD721F46FcF371B94670b16a4F98061f0DCF,12
0x3c36E482210752CbE2BD445485Fd8bA0B0dF9B41,11
0x7F9078D6A51CE55007F1678cD40bA173bE2269A6,11
0x0c471E1123d78FD50bB018f655402942C65e0782,11
0xf412Ef9eC11C64263b628eEb0e99F70215F9671D,10
0xb28948dBCCC9d3f3E2173BEDa1853aFa8ebacc0A,10
0x7cE7FA2D3447c952Eb7b284fa833db2c79EFe9a2,10
0x227FD2fD881Cc6c99DFCcc0FB40f2B1dc2f3F36E,10
0x4339D3c2d0f09d254c5B29C37451686fcc2fE21d,10
0x64E39E4d40f7b06eCA282897db4Ced6d62EF4512,10
0xdB0980814Ce29795FB8d613B05B695707b95ACe3,10
0x0FC7ad163926C8BD07480ED4e49413FbD2915aC4,10
0x461BEd1c0962CbCC4484Be93030a0ea54BE6D733,10
0x158e02e4A130AFD22426bc3cCA06dD346f4f54Ea,10
0x3F32F1ABCb071dd1af9EE334b44432D29E490E61,10
0xA9027afd7D7814cBceF7D78ba5802386D97433Ce,10
0x41A4cC308283CB94a5AF90Bc1DA335b4df358877,10
0xaA862F977d6916A1e89E856FC11Fd99a2F2fAbF8,10
0xd6FC8f7C6F477974420c84a744EE28d57147bD79,9
0x8a276f2c505201C4a5aCaBF843BfE0d147687866,9
0x0b4F719952a27a0A53Dc2EE647Ee882101e5F4be,9
0xf2DC787F600e1180bea8319A9CDb579F4a7D084e,9
0xE8176e7F80845Bf155cc02c26899344c0EbCaeb8,9
0x7D6564e38Dd0fFf6DBB40fcC211bb39Bc5a5b1dd,9
0x4a24f6087C038e7839dAC8993963dE3155c03b50,9
0x09c43Ad91571c7D7E683F60D44b5967ab6f3E8B2,9
0x8ebF0d01728753f4746219abF19cB68Baa4269dc,9
0xF6A04Ae0BbFb5A32B7a0282b4cA903272a9AFa2F,9
0x60deC93EDC9e9678267e695B8F894643bE968F2e,8
0x3E55ecA97954eB54734946BEEb4CB61D76CfE54A,8
0xE14eA790b0E5e42d295f681821c8824d213bAdd9,8
0x74A2F91C556Ec431c795F5570b3C59321AF84eeA,8
0x51032138Eec51b8C7677f57D4a4b3bC734C74F6F,8
0x5c038cB4A3BC5189670dE3D01Ea4BfDB58c917a5,8
0xf7BD45A640e9adAA9fD38F45EF157EE6248B960a,8
0x2588253CC1DaaC3e7D823b9190ec87E75c67f2c4,8
0x6bf6e237c33148422DbEC69f25Dddd7B7A7eCfd6,8
0x8Ea58AF2a91c6a7b2bF57CF8B6867325B8D2B435,8
0x82466E1d0138d29EcFA17b4227e9b868aA9770Da,8
0xd6c653291b7e158ec31DE22e71843E7E16ad7304,7
0xbFE5B0E014faC1CECa10cBeF13068B8F8ffe3706,7
0x2EfBD1f4E46A258bCdB2e431520e7C5636038567,7
0x744Da2e61d329Da71fb0230E922A491C4CB341c3,7
0x2B6582d9F8BE45025D7810daAb616bb14BF5210D,7
0xB3E41e2d4b77CFe2F97Dd2E8305F2bC2DBdC3587,7
0xd4e2f360A20E7A96C17113a41aEbB391198fA1db,7
0xD4408dC67E85b229Af48da4ce56D8892e76deD2e,7
0xac206Dfe89fAf2F394af56Df6407ebB9053dB240,7
0x0abEAAA9003b19B459534176B27dD898715619e9,7
0x9D4953881605284d0a5ED358590473aef287F45C,7
0x61475a7a46000316e5Da2C3553A589FBF2198163,7
0x5E81856DE1e66279a67fDFe63b19039F81faE2DF,6
0x8BcA8A3Ad5cC5370c72C7d257E7A08057aB7a8d4,6
0xF9C535B672FE4DCc4F61A5a5963ACA7463D5719f,6
0x1BB159d7E54c240B539Da4187296B2e23f188A79,6
0xf75ECa09e6F9684900c28A6969e85B28234b42aD,6
0xC79B6a8Ee35e7Cb7416f35686ab95faBd0bce864,6
0x04D252954FF9f55c5F30C00b31bbC63d8D938BA0,6
0x85AE25F90c4F96A8589C83370D9eD844b4A5B125,6
0x8724edab043526908a5faaB3424704C27683cdd4,6
0x9fd537D5dC165a63233fF28E953D06731579CB07,6
0x481b4AD1B6c3D8F986478eCDa0457cE3a2E13913,6
0xbAc44698844f13cF0AF423b19040659b688ef036,6
0xE765c1f860D1d949aF634E0CAc67bbe161b8Eb58,5
0xd861415F6703ab50Ce101C7E6f6A80ada1FC2B1c,5
0xCB8F39f47695DFbd373C022deB95A618B1e93613,5
0x1F2e8e34387a82F153B38FEfB3055B2bD2b8c5C9,5
0x74D0017c55A81035B20bfF58bE0F36CBf1105C4c,5
0xbF923438A135a99712D4c4b3DB413a0817a90f99,5
0xbF923438A135a99712D4c4b3DB413a0817a90f99,5
0x8999d8cB1d26c3f7388cB52dE9ef4e6b1A10211f,5
0x38920DAFf3cBb1F41D2f89C1dc94400D12f730dF,5
0x482Ca688c61003b2D8F6EB989C7581765F32D05e,5
0x2799351F8820B9535fDbbcDa38b693907b3A5621,5
0x60FD08ffac8d18A602bcd4b479E137e802053a18,5
0x902B68eD1047F3c6bb8527726C87B8BB8A18C00C,5
0xe7651a4a9d3323f3Fc617532f8726Cbfc952a872,5
0xc0702Ae0374F83fc3bA71CE2B30A323b09EC19da,4
0x224fC9e322E63C6eeaF3b9C518573328BcD140Ae,4
0x5335A289d8915Dffa43479d94B70b49F15Fa3F2C,4
0xBECF147F4215ff028349E66379EBC3049df3e17b,4
0xa4e12F592221B1A52F417450B9A5D796d542EAD8,4
0x77a65f7d8fDBbA6D7E86e2d7AcE262dF98748B02,4
0xC6522e9F1882eF9d3d4AC74a66B71a2870f2186d,4
0x27B7Aee0cF2281B4308747bd98DbfC2F0F54F41D,4
0x010d66FBED75f69297d1220f32b38B6147402203,4
0x33F0accCED31B7FE5DD9b3dC760fD507F9733234,4
0x05A7Eb929209F5C1F2f08dd087b64bB1beBa99fE,4
0xbed58fA67Bd966A40460b42f065DccCb0fD4fE4f,4
0xc3c6A977f317A27520c2334B39036F1878B0cF95,4
0x38BDc40853C93704BC21698A24BaC2620E404849,4
0x696B96372084242a36F1999060f219a9eA704EEc,4
0x18Da9eBF88771Db5BD1040cF9A9d04DA12e5c7af,4
0x3d2A92E864652cEA833Ced8F8Fc402ceA1AA454B,4
0x722D92D4FaC318a2f14721E3e889F4e32099c8F3,4
0xeb42721D364cBae0491fA2Cb67097ac017ffff9C,4
0xDB1f91772C19e39a3e084800F0cBAC2D67B5Ea4C,4
0x5bE8c6bc76DF0E461F7Bab5d50914De598aFa375,4
0x5127C4e49082EF3FFb115Bb0b3C75f03340C759a,4
0xD576e83B7265E80Ee75C0f3B58B0F19F53D88C15,4
0x526aEdc92Fa08b871293Def33E978de997eA9955,4
0x23620caD30F6aEA374baFddA961767F9A85b6720,4
0x802BC4012B32e7c6bFc65c446A3E04e7BBFBDAd0,4
0xa10dB7fb869ED1fA2bBc0A1F6aAcd66F367119E7,4
0x0f5dECa191Dde5A329d0D703ADa3680C41b667f7,4
0x6d8A505EeDF39aBb7311E4A77f20c49bf8b7Ca66,4
0x2858Fdd52A5722D069a5eeF94D57eB11E2472866,4
0x145e305A6E8979CbEfCb75993f7aE5270856c1d2,4
0x7bc26a55cb47F4625D33c299ea0d35E69E9249d6,4
0x0238b9bB23af9221488aC4d8c0bDa0E08E9d130d,3
0xF3c9377fceA8C1A7A425101fda7d0eDad435bAD2,3
0xB232124BeFEdcCb6268efCc90FbaE93DED662354,3
0xA84fa9e80E2b01C48fBc4dfdc8b5aC57F12a7e2B,3
0xd9e881722C42c7d163a09a8Ec681d3A8A837D9b1,3
0x428928f76904E37bF0Cc96076DFBDA60954a2CEE,3
0x4C0902BDc2dC87C49A318E01d85C4C40D38e1140,3
0x20358705e3fc76Ff457A837f74FD36e6A4F590cD,3
0x719028736f10164c838Ef129936779eD739312f2,3
0x205A7F99b821640d0273E21C67710042830c6B21,3
0x866F98E4d2B0742110cd674214767140477BB342,3
0xCA5CE67a4CC81875F9E687c24ac81d1A6A2eE841,3
0xdcA81888531BD3A3219D978538bd951eFB50DCe0,3
0x9602B49ee0022Aed8A089DbbbE3297bfdbf8f8ec,3
0xFe50C5B0A4995B33315d6799b53e2537346d5a36,3
0x2434A54c54aa6B6d02a03cE931cC407695be61E8,3
0x9F119DAC60B9f1bDb1916400382B7EBfd2F4A030,3
0xaF12D4b9cb9914bE02535F474f1D2DA9c87AC87a,3
0xf4F52e19d023854f44992e678b10688B990F783D,3
0xe173311eddb3b6550A8b30Adf89C234E3B2B8083,3
0x0221AaF568b823dCce70604C2AC6E08AE957829E,3
0xD94dBF2C1fc5b4c9cA277Efc7fF19Da7659d9925,3
0xfcC3C0d125e781BDeBab1db40CF2e11247D65DA2,3
0x6547D9AfcBa5E32f8BfF0FfB7b07c2377a570995,2
0x0349Dc3629e09bB939E69B6b781E5C8B8b9ab432,2
0x8922C99060ddd3654274F92cB4b50B7BA66b1C29,2
0x0C6169d32E4F22D1589A98DBfacCff219C5EA087,2
0xE3Bf47c48a029bBCB598a29E6013665Ae2fff0d7,2
0xe1beF477bE5363951345497B4dC893d67Ea05E16,2
0x206815261f480A98498A7F7554356Ff3D7fB303F,2
0xb42C7658389f6D1BFDf38496Ef7dA43daee0B413,2
0x9aC79Ae44C63C664A714c77D9cc1A78c940540bD,2
0xA4D332c853B8DA32d84c9fE49d026bAcCbD0947A,2
0x1eB4F5aE6E14F6376b7175656994F58ceA565C0d,2
0xdb21b58c882b08Ef367D2336AeD9E234A9Fb9b20,2
0xCc2005844AeABbd4d663f7C45C9bd1369eb062b3,2
0xeAE326EabC4bA98c196c9a8efEc46278f2818332,2
0x7a1cEEE2D703a6b7C41aa68c86bA61b5b196B44D,2
0x11034309445037bb53ca75b66F97AA132b3d079A,2
0xB48470B3122ac663cb428156Fb9f3f27347cA93E,2
0x79C078b7018F312D7ad50Ed227A80A3f3a0C17a7,2
0xB7A1C6A5143b2D0EFFf58e6934b5117CB8781253,2
0xd40a7143ADbF1080F6D1e4bDBE64C4C687DB78a0,2
0xd2e27021eB2F14A2CCcFa786bb8332E93fd7571d,2
0x67bc5D2c71857fEB679b00C4Dc398378dEb1B7EA,2
0x484562740c97E67382A3a2eF9423474752936339,2
0x19DD4bE525a0C44848BE701278d4F6D390168c20,2
0xDB94da1A5E00e190E53F1Da530f769d8E5843E07,2
0x01e41e2Ea139e4e56f4bFbf7CD8EB8700F1d829d,2
0x08F886398CF13968716a36489f8659efd46a0fC3,2
0x52542FfC9120723Ac5BD1E7b6B2DA9b066621Ae3,2
0x13AF7b3d12EAd6A21CAA8EF2a02e00C0971831C6,2
0x1306c55e878094558A00E11B46d956b1EF27a54b,2
0x9ee79798b720e0F99Ab5D8084040E999d3FCfEF6,2
0x90eE5Cf01a0468eC7e0669084854CFbb3C8Af515,2
0x383AdF04bF3ECef7293F8F272A8cd5b9f12F283F,2
0xaCb60D3220C50532f3f00a86EF6Fe69326183C0B,2
0x8ae71906eAd6D7B13b25b08dAC0c3643D267c2f2,1
0x9324e2c302c55D05947583Dd6C754D6f41a78272,1
0x212029B7eb67FA04d95D5816a71e466C5DfD5324,1
0x1AAD84d41A750E6F6fb1736182F30b2c20EB8C43,1
0x3255B0780e34215fcbAE5b7433a21389d2e9f327,1
0xb4ffb0f4e1e79351a27890f651ad5E6696E037D1,1
0x78768d0c41d6F41A1b176122eae24D51eC339FC9,1
0x344ba4538db5A5b6aaCfE0C35cAfC99856bF028C,1
0xAdAB4df3d8Fb2927F59487C2Fd90df17A3aE20cE,1
0x3E538089265672518d9509e91949500eCd2786EF,1
0x5d799e0A223fd22618A06286dC48A4796F325F5A,1
0x6aAEcd9866910E164006F910DE1df81cb969c79B,1
0x6d1AfE57141Eaf3e99D0A49e6563409BafF240d0,1
0xf84975C731E88bd46c7017887b66C8e62efCe9A3,1
0x6273957EB6707F6E935D8B190bD239CcAe0Eb7Cb,1
0x8Aa98470DE4bf6A85f13393AE1169A5E625a4e6d,1
0xD4195E484A24D91E081DF34322120C3206E876d7,1
0x8afEca5162D085022e3Ffbf7e72ef043e9810874,1
0x88A5ef1431e8f8860ce4565216eB54E81424c98d,1
0xb6f6713975D7E6f7A7aFEf2C615dF05aB891BD98,1
0x979B58690Ca3889eeb846376d47D830a2823d796,1
0xacc854d84A6482C1345C32d7B4cEb1e9c3ED19bD,1
0xb11C10Ba8d2d9bc81148696A70B03df20DbED9b1,1
0xA26bC186E874bEa1c4b06ba2215E981cF06894ad,1
0x035099762bA08910D671A6DbE277b86CF17e6B8D,1
0x05BBE1e6285e7302B06781f345c1B62f256a85fC,1
0x2B108018148fc400772dc02b597E4E47283D11Ff,1
0xDa4eCF93f4FF9aa1F868a39C5520d29e1A9F07De,1
0x509B0211D1a2063819fd161232eB8Dc20848b043,1
0x5a69428DfE7aF2E64bc40e065E139CAf8FDb09B6,1
0x0c7c68064321042692559ceA5e929531e5ab9d09,1
